transaction_id,customer_id,product_id,transaction_date,quantity
1,489,6,2021-10-04,2
2,686,57,2022-11-04,2
3,242,1,2022-01-26,2
4,794,71,2022-03-25,4
5,753,58,2021-09-16,3
6,882,91,2021-11-03,2
7,5,21,2021-04-05,4
8,596,92,2022-04-09,3
9,820,80,2021-09-03,1
10,361,56,2022-09-27,1
11,459,87,2021-07-06,4
12,248,20,2022-01-08,3
13,566,54,2022-07-26,2
14,673,25,2022-02-10,3
15,946,28,2022-02-12,2
16,422,5,2021-05-05,4
17,923,21,2021-12-03,2
18,738,18,2021-12-07,4
19,15,47,2022-07-17,3
20,736,70,2021-06-27,3
21,573,57,2022-10-13,2
22,122,93,2021-06-19,3
23,277,19,2021-02-08,2
24,558,97,2021-03-10,3
25,453,65,2021-08-24,1
26,390,3,2022-07-14,2
27,294,42,2022-01-16,4
28,574,21,2021-02-26,1
29,598,99,2021-10-04,4
30,446,40,2021-04-09,3
31,210,67,2022-06-11,1
32,590,25,2021-11-21,3
33,714,55,2022-04-06,2
34,302,84,2021-06-28,4
35,909,52,2022-07-28,3
36,223,44,2021-04-29,4
37,734,98,2022-04-14,4
38,3,85,2022-07-03,3
39,990,56,2022-10-08,2
40,518,55,2022-03-31,4
41,93,87,2021-01-26,3
42,520,70,2022-05-05,2
43,428,77,2021-01-08,3
44,493,87,2022-05-31,2
45,235,73,2022-06-17,4
46,620,81,2021-05-29,1
47,161,66,2022-05-03,3
48,721,19,2021-01-25,4
49,752,83,2022-10-17,3
50,331,7,2022-07-09,3
51,333,63,2022-03-01,2
52,50,42,2021-10-20,3
53,523,42,2021-07-04,2
54,863,59,2022-07-08,4
55,668,20,2022-03-07,3
56,492,73,2022-08-27,4
57,582,17,2021-11-13,1
58,681,27,2022-02-02,4
59,272,47,2021-11-20,3
60,580,2,2022-07-19,1
61,867,63,2022-08-19,2
62,252,62,2022-06-30,1
63,560,100,2021-03-17,3
64,696,19,2022-12-10,3
65,832,17,2022-05-01,4
66,699,69,2021-03-29,2
67,90,39,2021-08-20,3
68,446,82,2021-01-07,3
69,332,71,2022-07-04,2
70,139,81,2021-02-21,2
71,357,39,2022-10-17,4
72,601,36,2022-01-31,1
73,274,40,2021-08-09,2
74,19,45,2022-03-04,3
75,983,4,2021-05-23,2
76,311,25,2021-12-29,3
77,870,69,2022-01-17,4
78,886,30,2022-07-15,1
79,978,76,2021-10-04,4
80,154,68,2021-09-28,2
81,390,88,2021-01-14,3
82,260,29,2021-10-25,2
83,620,73,2022-04-09,2
84,883,68,2022-06-11,2
85,797,51,2021-08-22,2
86,571,24,2022-07-29,1
87,125,14,2022-12-09,3
88,354,69,2021-01-27,2
89,273,18,2022-04-16,3
90,619,42,2021-04-03,1
91,811,57,2022-09-09,3
92,245,83,2021-11-05,3
93,848,12,2021-02-21,1
94,450,82,2021-11-15,2
95,930,17,2021-06-30,3
96,247,30,2022-07-23,4
97,520,88,2021-04-30,3
98,141,75,2021-02-12,2
99,362,99,2022-10-09,4
100,8,23,2021-09-17,2
101,478,81,2021-07-16,3
102,352,1,2022-10-07,1
103,996,79,2021-09-12,2
104,495,32,2021-12-02,2
105,606,9,2022-07-07,1
106,833,15,2022-05-17,3
107,427,28,2021-09-12,2
108,39,24,2022-05-29,3
109,593,60,2022-12-08,3
110,187,35,2021-08-30,3
111,596,86,2021-05-29,1
112,600,27,2022-12-11,3
113,754,83,2021-10-26,3
114,854,76,2022-09-12,4
115,93,20,2022-03-29,4
116,86,65,2022-01-28,4
117,44,85,2021-07-31,2
118,137,49,2022-10-30,2
119,421,1,2022-06-22,4
120,74,10,2022-08-17,1
121,548,47,2022-08-18,1
122,613,59,2021-05-11,4
123,988,96,2021-11-25,2
124,512,62,2022-09-04,2
125,156,86,2021-09-13,1
126,938,18,2022-04-24,3
127,255,46,2022-07-15,1
128,171,32,2021-03-04,3
129,981,27,2021-11-07,2
130,728,92,2022-02-11,2
131,170,18,2021-04-15,4
132,764,39,2022-09-09,2
133,872,49,2021-01-15,3
134,322,93,2022-11-18,1
135,567,82,2021-09-16,4
136,456,44,2022-12-24,3
137,944,72,2022-02-16,1
138,603,54,2021-09-16,1
139,790,95,2022-09-06,1
140,613,34,2021-09-17,2
141,155,71,2022-11-02,1
142,889,36,2021-02-14,2
143,349,18,2021-11-27,1
144,451,38,2021-06-14,1
145,876,59,2021-07-12,2
146,653,9,2022-06-05,2
147,173,73,2022-02-05,3
148,10,72,2022-01-09,1
149,740,51,2021-03-06,2
150,265,35,2022-01-22,3
151,438,82,2022-05-10,3
152,760,5,2022-11-24,2
153,247,14,2022-02-19,1
154,667,92,2021-01-30,3
155,546,30,2021-09-23,1
156,499,4,2021-11-24,1
157,129,39,2022-05-07,3
158,672,84,2021-08-05,2
159,601,64,2021-11-16,1
160,605,25,2022-02-03,4
161,327,28,2021-04-15,2
162,753,76,2022-11-27,3
163,835,66,2021-11-26,4
164,980,78,2022-10-22,1
165,404,22,2022-09-09,2
166,629,31,2021-02-16,4
167,606,23,2022-08-22,2
168,675,48,2022-10-03,1
169,611,20,2021-11-10,2
170,625,38,2021-05-27,4
171,359,55,2022-04-07,2
172,603,68,2022-08-07,3
173,858,79,2022-05-01,3
174,718,88,2022-10-14,4
175,17,89,2022-02-14,2
176,274,1,2021-01-27,4
177,685,7,2021-01-29,2
178,116,57,2021-09-28,1
179,861,95,2022-11-17,3
180,980,12,2022-05-16,1
181,693,5,2021-09-10,2
182,91,50,2022-01-20,1
183,82,42,2021-03-01,4
184,324,12,2021-04-17,4
185,961,18,2021-08-08,2
186,114,66,2022-03-17,3
187,769,74,2022-10-20,4
188,58,79,2022-07-18,3
189,154,94,2022-07-26,2
190,877,17,2022-06-30,3
191,404,68,2021-04-06,2
192,628,71,2021-03-30,1
193,855,62,2021-08-19,2
194,266,41,2021-10-02,1
195,315,95,2021-09-03,2
196,715,34,2021-04-21,4
197,41,70,2021-08-22,4
198,105,45,2021-10-05,3
199,901,58,2022-04-22,2
200,890,51,2022-02-21,2
201,193,34,2022-11-09,2
202,401,44,2021-05-08,3
203,278,15,2021-08-25,4
204,354,78,2022-09-11,2
205,749,70,2021-05-08,3
206,937,50,2022-12-08,2
207,733,32,2022-01-29,1
208,580,67,2022-04-20,2
209,709,3,2022-10-17,1
210,256,86,2022-01-30,3
211,651,86,2021-04-21,3
212,824,74,2021-03-31,4
213,947,51,2021-10-07,2
214,661,67,2021-11-29,3
215,99,76,2021-08-12,4
216,588,93,2021-04-11,2
217,282,48,2021-05-12,3
218,883,17,2021-01-13,1
219,403,7,2022-04-02,3
220,109,13,2022-03-17,1
221,700,66,2021-04-08,4
222,199,4,2021-04-30,4
223,303,10,2021-10-20,2
224,327,88,2022-12-12,2
225,154,17,2021-01-01,2
226,552,52,2022-07-26,4
227,645,6,2021-09-07,1
228,405,83,2022-10-14,2
229,462,69,2021-05-29,2
230,132,96,2022-01-30,4
231,791,74,2021-02-13,1
232,874,9,2022-11-29,3
233,84,91,2022-09-12,2
234,399,77,2021-02-13,3
235,754,83,2021-03-19,3
236,628,21,2021-08-14,2
237,109,24,2021-06-11,4
238,221,4,2021-09-10,2
239,904,24,2021-05-12,1
240,553,59,2022-03-24,1
241,368,99,2022-04-19,2
242,147,3,2022-10-18,3
243,112,68,2021-04-19,1
244,615,40,2022-12-07,1
245,558,48,2021-02-04,2
246,924,54,2022-04-12,2
247,494,35,2021-10-02,4
248,505,95,2021-07-06,2
249,475,56,2021-08-31,2
250,836,89,2021-09-21,1
251,890,40,2022-06-06,1
252,271,77,2022-11-09,1
253,995,68,2022-06-25,3
254,421,46,2021-03-28,1
255,897,78,2022-06-19,1
256,707,13,2021-07-29,2
257,367,27,2021-02-15,4
258,280,6,2022-04-12,1
259,283,17,2022-06-24,4
260,40,36,2021-01-26,1
261,959,99,2021-09-23,1
262,189,81,2021-06-24,4
263,164,2,2022-05-31,2
264,994,77,2021-11-07,1
265,989,52,2021-11-18,4
266,536,66,2022-08-02,1
267,536,52,2021-05-15,3
268,4,92,2021-02-24,3
269,835,43,2022-06-27,3
270,290,90,2022-08-09,3
271,953,22,2022-06-15,2
272,433,55,2021-06-05,3
273,471,67,2022-10-30,4
274,181,99,2021-05-27,1
275,248,60,2022-04-30,4
276,628,58,2022-08-22,3
277,279,12,2021-01-20,2
278,877,88,2021-09-26,3
279,581,69,2021-11-29,3
280,863,84,2022-07-09,2
281,254,39,2022-02-05,2
282,181,13,2021-11-02,2
283,830,41,2021-01-28,2
284,681,57,2022-04-12,2
285,825,53,2021-09-17,2
286,509,12,2022-06-18,1
287,761,13,2021-04-11,3
288,700,74,2022-07-05,3
289,566,97,2021-12-19,2
290,326,57,2021-10-27,4
291,357,40,2022-11-13,2
292,825,80,2021-10-23,1
293,650,45,2021-12-19,4
294,680,35,2021-05-10,1
295,391,3,2021-06-05,4
296,615,5,2021-03-15,4
297,934,90,2021-12-08,2
298,85,11,2022-04-10,1
299,317,71,2021-03-31,4
300,212,56,2022-08-02,1
301,515,10,2022-03-31,2
302,384,34,2022-12-13,2
303,691,67,2021-11-28,2
304,342,72,2021-12-14,2
305,815,31,2021-08-21,3
306,964,75,2022-08-21,4
307,988,71,2021-04-12,3
308,844,66,2022-04-26,2
309,38,70,2021-08-02,4
310,511,41,2021-04-18,4
311,420,63,2021-06-14,1
312,751,32,2022-08-26,2
313,169,20,2022-12-05,3
314,965,57,2021-12-01,1
315,909,98,2021-03-27,4
316,343,50,2022-02-28,3
317,826,80,2022-09-05,2
318,306,25,2021-12-30,3
319,542,12,2021-03-01,3
320,702,71,2022-04-27,3
321,869,39,2021-09-07,1
322,537,17,2022-07-14,4
323,112,45,2021-04-27,3
324,411,11,2022-06-29,4
325,947,70,2021-02-13,1
326,206,23,2022-05-24,2
327,185,91,2021-06-14,2
328,382,70,2022-01-03,3
329,496,38,2021-10-19,1
330,379,2,2021-10-13,2
331,47,86,2021-07-23,1
332,886,84,2022-11-15,1
333,740,89,2022-06-08,3
334,551,79,2021-05-01,3
335,528,93,2022-10-26,1
336,504,72,2022-10-26,1
337,22,37,2021-07-07,3
338,213,49,2021-01-13,1
339,310,52,2022-08-26,3
340,661,33,2021-07-19,4
341,968,22,2022-08-09,1
342,753,5,2022-04-01,3
343,272,18,2022-03-24,1
344,571,38,2021-03-12,3
345,799,37,2022-08-13,1
346,938,94,2021-05-10,2
347,202,95,2021-02-12,2
348,32,64,2022-06-04,1
349,443,10,2021-01-13,2
350,162,79,2022-12-26,1
351,767,42,2022-09-15,1
352,254,48,2022-06-19,4
353,521,44,2021-10-29,4
354,977,82,2022-06-11,2
355,651,87,2022-10-04,4
356,480,97,2022-07-27,4
357,10,16,2021-04-25,1
358,726,54,2022-04-05,3
359,505,35,2022-05-20,1
360,785,98,2021-11-04,4
361,836,28,2021-11-21,1
362,560,2,2022-08-02,2
363,436,94,2021-06-24,3
364,111,13,2022-05-29,4
365,153,41,2021-06-21,4
366,635,80,2022-05-17,1
367,917,59,2021-11-30,1
368,869,69,2021-10-11,1
369,102,92,2022-04-20,1
370,753,53,2021-02-23,4
371,833,45,2022-04-03,1
372,191,20,2022-08-02,4
373,729,24,2022-02-24,1
374,563,61,2022-09-06,3
375,804,91,2022-09-24,3
376,81,94,2022-12-04,1
377,489,58,2022-02-13,1
378,895,27,2021-10-31,2
379,88,26,2022-07-13,3
380,194,7,2021-08-10,4
381,104,42,2022-06-17,3
382,783,47,2021-06-07,4
383,96,53,2021-12-14,1
384,423,59,2021-06-08,3
385,891,38,2021-08-23,3
386,198,69,2022-10-24,2
387,1,87,2022-02-09,2
388,407,92,2021-09-14,3
389,378,98,2022-11-08,3
390,167,53,2022-08-12,3
391,509,15,2022-08-20,4
392,638,96,2022-07-12,1
393,313,26,2021-02-16,2
394,593,48,2021-08-01,1
395,418,95,2022-04-24,2
396,763,19,2022-05-02,2
397,681,9,2022-07-25,2
398,477,64,2022-07-20,3
399,73,93,2021-12-08,2
400,141,54,2022-06-08,1
401,582,51,2022-12-05,2
402,262,39,2022-05-18,1
403,340,4,2021-01-06,2
404,308,3,2021-05-24,2
405,245,64,2021-09-18,3
406,515,29,2022-08-08,1
407,337,11,2022-11-17,2
408,575,97,2021-08-20,2
409,561,58,2021-09-27,1
410,76,75,2022-03-23,2
411,880,27,2021-08-10,4
412,175,97,2021-02-21,3
413,109,21,2021-04-26,1
414,183,39,2022-06-22,3
415,192,95,2022-07-19,4
416,65,46,2022-06-25,4
417,849,66,2021-01-19,4
418,963,91,2022-01-27,1
419,474,36,2022-09-21,4
420,783,75,2022-09-10,1
421,100,82,2022-02-23,1
422,544,65,2021-11-05,2
423,864,63,2021-07-05,1
424,128,99,2021-09-18,4
425,452,35,2022-06-12,1
426,914,31,2021-09-30,1
427,369,28,2021-06-09,3
428,851,1,2021-08-12,4
429,43,25,2021-09-13,1
430,884,43,2021-06-29,2
431,419,84,2021-01-20,1
432,488,67,2022-09-16,1
433,78,63,2022-09-24,3
434,826,51,2022-12-07,4
435,801,2,2022-04-13,4
436,270,82,2022-09-15,2
437,674,64,2021-07-29,2
438,701,74,2022-05-28,2
439,759,69,2021-02-27,1
440,900,9,2021-04-03,1
441,728,2,2021-08-09,2
442,315,34,2022-12-24,4
443,925,60,2021-08-20,4
444,851,61,2021-12-30,2
445,902,31,2022-09-07,3
446,889,10,2022-07-16,4
447,993,76,2022-01-09,4
448,945,36,2022-09-14,2
449,168,85,2022-04-01,4
450,339,49,2021-03-29,1
451,193,70,2021-01-20,1
452,453,49,2021-01-14,4
453,283,3,2021-05-13,1
454,336,74,2021-02-03,3
455,390,5,2021-07-27,4
456,1000,90,2021-07-18,2
457,525,61,2022-08-15,1
458,240,85,2022-08-06,3
459,832,90,2021-06-04,3
460,958,26,2022-08-13,1
461,483,72,2021-03-19,3
462,659,5,2021-06-21,4
463,716,15,2021-10-16,3
464,592,16,2022-06-29,1
465,891,1,2022-02-24,3
466,555,16,2021-01-07,1
467,458,37,2021-06-09,1
468,89,3,2021-08-28,3
469,660,52,2022-02-27,1
470,95,47,2022-06-20,1
471,452,95,2022-12-27,2
472,428,13,2021-03-11,4
473,151,80,2021-08-04,1
474,514,55,2021-04-14,4
475,376,21,2022-12-28,2
476,22,66,2021-02-23,2
477,883,54,2021-11-26,2
478,313,27,2021-07-22,2
479,997,38,2021-10-15,4
480,840,90,2021-02-14,3
481,519,58,2021-07-17,3
482,206,62,2021-08-04,4
483,952,46,2022-04-26,1
484,375,89,2021-11-05,4
485,451,11,2022-03-11,1
486,626,72,2021-11-28,1
487,784,8,2022-11-27,3
488,595,97,2021-01-27,2
489,179,71,2021-06-15,3
490,210,64,2021-11-14,3
491,500,21,2021-10-01,4
492,464,72,2022-01-18,4
493,840,63,2021-12-31,1
494,124,85,2021-04-13,4
495,993,64,2022-05-18,1
496,113,20,2022-01-08,1
497,12,8,2022-09-08,2
498,126,58,2021-09-02,2
499,565,46,2021-06-18,3
500,331,31,2022-09-20,2
501,901,93,2022-10-15,1
502,283,9,2022-02-22,4
503,140,15,2021-12-22,2
504,401,94,2022-04-23,2
505,902,26,2021-05-05,2
506,97,10,2022-06-21,2
507,517,29,2022-12-07,1
508,569,80,2022-09-04,1
509,924,36,2022-02-06,3
510,846,84,2022-06-01,4
511,69,37,2022-06-15,3
512,118,86,2022-11-13,3
513,888,71,2021-09-11,2
514,59,23,2021-05-01,4
515,33,41,2021-02-01,2
516,318,93,2022-10-23,1
517,50,80,2021-02-06,3
518,880,28,2022-11-20,4
519,489,48,2021-12-08,1
520,19,38,2021-01-13,3
521,726,31,2021-07-02,4
522,197,14,2022-10-19,3
523,891,97,2021-09-22,4
524,450,73,2021-03-29,3
525,990,91,2022-04-07,2
526,559,88,2021-02-15,3
527,679,77,2022-01-27,3
528,452,90,2021-04-29,4
529,289,29,2022-06-15,4
530,141,51,2022-03-23,2
531,84,49,2022-08-29,4
532,694,43,2021-02-15,3
533,391,92,2022-05-23,4
534,591,92,2022-07-12,4
535,215,72,2022-06-10,4
536,526,87,2022-08-20,2
537,215,93,2021-01-03,2
538,403,5,2021-01-28,1
539,128,42,2022-01-16,2
540,822,7,2021-06-06,2
541,477,42,2022-05-26,2
542,760,36,2021-11-29,3
543,404,27,2022-11-18,1
544,29,58,2021-04-24,3
545,792,46,2022-01-24,2
546,338,66,2022-05-02,2
547,831,25,2021-09-07,1
548,714,73,2022-07-25,1
549,361,27,2022-12-16,4
550,569,1,2021-11-11,2
551,392,87,2021-08-27,2
552,218,74,2021-08-22,3
553,574,42,2021-10-30,4
554,669,52,2022-08-30,2
555,202,25,2022-10-15,3
556,17,54,2021-11-30,1
557,322,67,2021-04-23,3
558,518,6,2022-09-13,2
559,570,58,2021-12-28,3
560,325,70,2021-04-07,3
561,412,53,2021-01-16,4
562,318,66,2022-07-10,4
563,681,58,2022-01-11,1
564,965,82,2022-01-25,4
565,82,87,2022-09-12,3
566,474,2,2021-08-05,4
567,468,76,2022-02-03,2
568,425,22,2021-09-17,3
569,945,37,2021-11-16,3
570,731,20,2021-07-15,3
571,689,24,2022-04-23,2
572,204,84,2022-02-22,3
573,583,65,2022-04-20,4
574,387,65,2022-08-30,2
575,778,81,2022-07-22,3
576,98,1,2022-06-28,4
577,345,94,2021-08-19,4
578,803,3,2022-06-05,1
579,208,46,2022-12-04,4
580,514,55,2021-07-19,4
581,636,75,2022-11-04,1
582,792,88,2022-08-22,1
583,586,86,2021-01-21,2
584,166,64,2021-11-07,4
585,22,45,2022-08-11,2
586,154,26,2022-10-15,2
587,939,77,2022-09-30,3
588,439,65,2022-08-19,2
589,295,24,2022-03-10,2
590,219,74,2022-01-06,2
591,669,35,2022-07-14,2
592,495,24,2021-03-19,1
593,230,28,2022-06-26,4
594,20,100,2021-10-12,3
595,987,80,2022-10-10,1
596,553,16,2021-05-20,3
597,950,59,2022-07-07,3
598,148,81,2021-10-09,1
599,108,54,2022-07-16,2
600,403,79,2021-09-15,1
601,596,16,2021-12-26,3
602,483,15,2022-03-16,3
603,367,98,2021-09-27,2
604,834,11,2021-05-14,1
605,414,65,2022-10-02,4
606,309,79,2021-04-14,3
607,802,90,2021-04-05,1
608,918,68,2022-12-30,2
609,835,43,2022-07-27,2
610,134,69,2022-04-25,4
611,719,99,2021-08-29,3
612,283,13,2021-01-13,4
613,778,10,2021-05-27,4
614,73,75,2022-08-24,4
615,481,82,2021-04-05,4
616,352,98,2021-10-20,2
617,560,41,2021-01-25,3
618,326,50,2021-09-29,4
619,745,87,2022-05-20,3
620,443,71,2021-06-15,2
621,100,59,2021-03-28,2
622,59,39,2022-10-16,1
623,508,3,2022-10-08,1
624,258,76,2022-09-30,3
625,413,7,2022-05-06,1
626,452,49,2021-05-21,4
627,65,26,2021-04-13,3
628,595,33,2021-08-14,2
629,154,48,2022-07-29,2
630,985,79,2021-10-21,4
631,266,2,2021-11-02,1
632,821,71,2021-09-11,3
633,79,32,2021-06-29,3
634,315,4,2021-02-09,4
635,662,20,2022-12-02,1
636,947,36,2022-06-04,3
637,560,32,2022-09-08,4
638,917,28,2022-06-30,3
639,891,77,2021-08-24,2
640,248,1,2022-04-08,3
641,790,60,2021-08-16,3
642,868,56,2022-12-01,3
643,610,35,2022-04-28,1
644,414,30,2022-03-06,1
645,25,54,2021-01-22,4
646,284,36,2021-12-09,1
647,449,55,2021-02-09,3
648,881,89,2021-06-22,3
649,301,80,2022-03-15,1
650,68,58,2021-06-28,1
651,7,83,2022-08-21,3
652,817,65,2021-05-13,3
653,137,69,2021-12-17,2
654,164,51,2022-06-09,4
655,83,22,2022-06-24,1
656,897,88,2022-05-21,4
657,650,53,2021-03-25,3
658,420,100,2022-04-09,4
659,73,36,2021-12-09,1
660,237,68,2021-10-07,1
661,46,36,2021-09-20,4
662,618,52,2021-06-15,1
663,928,53,2021-10-20,2
664,800,82,2022-05-24,3
665,262,50,2022-08-03,3
666,176,80,2021-08-14,1
667,166,41,2021-06-19,3
668,657,18,2022-08-21,2
669,842,22,2022-10-07,1
670,370,66,2022-03-24,2
671,795,21,2022-11-21,2
672,54,100,2022-05-17,3
673,690,44,2022-06-11,3
674,419,47,2022-01-14,4
675,756,39,2021-07-20,2
676,507,29,2022-09-11,3
677,341,54,2021-09-07,2
678,127,90,2022-02-13,4
679,409,85,2022-08-24,2
680,924,17,2021-05-05,1
681,367,80,2021-04-23,4
682,271,60,2021-05-17,4
683,644,31,2022-05-11,2
684,605,73,2022-11-09,2
685,379,95,2021-05-30,3
686,73,78,2021-12-09,1
687,923,49,2022-08-03,4
688,922,2,2021-11-17,4
689,915,48,2022-06-16,4
690,248,14,2021-10-16,3
691,860,59,2022-05-04,1
692,785,97,2022-05-07,4
693,43,99,2022-09-04,4
694,377,58,2021-09-09,3
695,41,58,2021-03-18,2
696,170,51,2022-10-09,4
697,946,84,2022-01-27,1
698,212,2,2022-02-16,1
699,493,41,2021-06-22,1
700,680,83,2021-07-20,1
701,39,82,2021-08-05,3
702,369,16,2022-01-11,4
703,757,4,2022-12-21,3
704,151,12,2022-08-09,1
705,111,29,2021-01-11,1
706,480,7,2021-01-12,1
707,436,14,2022-08-13,3
708,47,12,2022-03-11,1
709,575,99,2022-11-15,4
710,737,5,2022-08-31,1
711,366,81,2022-01-08,4
712,69,32,2021-09-30,4
713,299,74,2022-11-22,1
714,944,43,2022-07-30,3
715,802,81,2022-05-24,2
716,296,69,2021-05-12,2
717,203,45,2021-11-15,4
718,61,9,2022-09-13,3
719,946,49,2021-06-17,2
720,963,33,2022-02-01,1
721,830,100,2021-06-29,1
722,314,100,2021-02-27,4
723,161,18,2022-04-25,3
724,331,9,2022-08-14,3
725,528,62,2022-04-05,2
726,338,57,2021-03-02,2
727,606,29,2022-01-04,1
728,304,78,2021-05-01,4
729,503,25,2022-12-20,3
730,650,15,2022-06-30,2
731,338,6,2022-08-05,2
732,550,42,2021-01-17,4
733,639,29,2022-05-11,4
734,275,79,2022-05-12,1
735,164,93,2022-05-20,4
736,443,4,2022-06-16,1
737,319,82,2021-11-11,1
738,589,57,2021-03-10,4
739,504,49,2022-12-28,4
740,686,44,2021-06-10,4
741,387,80,2022-09-06,4
742,970,75,2022-12-19,4
743,870,14,2021-05-25,1
744,833,3,2022-07-23,2
745,888,62,2022-08-18,3
746,603,64,2022-01-20,3
747,750,45,2021-09-26,1
748,776,82,2022-03-30,1
749,691,58,2022-11-30,2
750,494,20,2022-06-02,4
751,490,58,2021-12-16,1
752,721,89,2021-04-20,3
753,73,57,2022-04-28,4
754,509,77,2022-02-11,1
755,390,68,2022-10-12,4
756,619,78,2021-02-20,3
757,857,97,2022-02-07,4
758,295,92,2022-07-17,1
759,369,52,2022-04-21,1
760,956,37,2021-03-28,3
761,796,8,2021-03-09,2
762,865,44,2022-08-19,2
763,694,98,2021-02-11,4
764,549,5,2021-02-26,1
765,649,69,2021-07-15,1
766,850,31,2022-11-09,3
767,568,45,2021-03-03,3
768,187,9,2021-09-20,1
769,853,32,2021-04-22,3
770,770,33,2022-12-12,2
771,445,67,2021-06-27,2
772,570,30,2021-01-26,4
773,363,76,2022-02-14,3
774,123,29,2022-06-15,4
775,188,3,2021-11-13,3
776,742,90,2022-06-16,3
777,680,57,2021-04-16,2
778,420,30,2022-04-09,1
779,626,9,2021-09-03,3
780,252,26,2021-03-22,3
781,619,2,2022-10-24,3
782,549,62,2022-01-31,1
783,335,3,2022-06-06,4
784,92,46,2021-09-21,4
785,530,68,2022-10-23,3
786,866,25,2021-10-01,3
787,63,51,2022-12-07,4
788,662,13,2021-06-21,4
789,512,44,2021-09-22,2
790,139,35,2021-01-26,3
791,698,55,2022-04-14,4
792,185,87,2022-04-21,2
793,205,9,2021-12-22,1
794,772,2,2021-01-26,3
795,214,61,2021-02-03,4
796,256,41,2021-09-21,3
797,135,44,2021-05-18,2
798,573,64,2022-11-26,4
799,875,31,2022-07-20,1
800,822,47,2022-04-07,1
801,88,2,2021-06-17,2
802,836,96,2022-09-23,1
803,988,82,2022-10-17,1
804,207,77,2021-03-22,1
805,129,69,2022-02-11,1
806,823,58,2022-07-28,1
807,3,44,2021-02-15,1
808,974,74,2022-08-22,1
809,934,56,2022-09-03,4
810,754,43,2021-02-22,1
811,121,89,2022-12-05,4
812,385,34,2022-04-21,3
813,614,30,2022-08-15,2
814,38,71,2021-01-16,1
815,341,70,2021-12-26,2
816,925,55,2022-05-02,1
817,645,67,2022-12-07,4
818,714,13,2022-05-17,1
819,860,3,2021-05-21,3
820,21,26,2022-09-12,2
821,242,57,2022-03-23,2
822,455,24,2021-10-17,3
823,963,53,2021-07-28,4
824,621,70,2022-04-20,4
825,303,43,2022-02-17,3
826,596,60,2022-11-08,2
827,595,58,2022-03-03,1
828,803,49,2022-01-06,4
829,964,42,2022-10-26,1
830,69,76,2021-10-17,2
831,129,100,2022-03-08,1
832,196,66,2021-09-25,3
833,140,11,2021-05-31,4
834,444,98,2022-12-20,4
835,283,90,2021-09-12,3
836,312,18,2021-12-19,3
837,746,85,2022-01-12,4
838,535,100,2022-10-15,4
839,665,52,2021-12-24,4
840,277,46,2022-08-31,2
841,61,44,2022-01-05,2
842,319,22,2021-08-15,2
843,890,53,2022-12-06,1
844,52,59,2021-10-30,2
845,856,94,2022-01-24,4
846,153,30,2022-01-12,2
847,749,8,2021-04-28,4
848,311,98,2021-01-05,3
849,814,57,2022-03-20,1
850,544,73,2021-12-18,1
851,567,20,2022-06-17,3
852,864,25,2022-10-26,4
853,389,19,2022-10-02,1
854,548,5,2021-05-04,2
855,622,75,2022-10-20,4
856,177,79,2021-10-04,1
857,362,72,2022-01-29,3
858,314,83,2022-10-26,4
859,807,87,2021-12-26,1
860,848,27,2022-09-15,3
861,97,40,2022-04-14,4
862,881,96,2022-09-20,2
863,213,26,2022-12-01,4
864,829,27,2021-02-26,2
865,137,62,2021-09-08,4
866,6,83,2021-05-30,3
867,109,50,2022-03-28,2
868,547,42,2021-06-11,2
869,39,29,2021-04-30,4
870,662,39,2022-08-05,1
871,425,60,2021-12-17,2
872,630,41,2021-04-09,4
873,261,33,2021-06-16,3
874,426,83,2022-10-25,4
875,87,83,2022-05-29,4
876,465,97,2022-10-26,2
877,76,16,2022-02-05,1
878,471,23,2021-12-31,3
879,976,7,2022-07-31,2
880,963,26,2021-11-22,2
881,414,96,2022-08-04,2
882,825,12,2022-09-25,3
883,895,72,2022-09-13,1
884,726,5,2021-09-04,3
885,457,92,2022-03-10,3
886,285,69,2021-04-03,1
887,239,49,2021-09-25,3
888,677,26,2022-09-07,4
889,599,5,2022-09-16,3
890,653,22,2021-11-17,2
891,672,79,2021-03-03,3
892,558,13,2021-10-27,2
893,372,28,2022-02-07,3
894,495,33,2022-10-10,2
895,624,23,2022-07-21,2
896,919,97,2022-09-12,2
897,45,18,2021-10-30,1
898,401,30,2021-09-10,3
899,247,26,2022-04-23,3
900,616,16,2022-01-04,4
901,597,77,2022-11-10,4
902,450,39,2021-06-09,4
903,485,33,2021-06-15,3
904,646,26,2021-07-24,1
905,620,48,2021-09-24,2
906,18,65,2021-05-18,3
907,606,38,2022-01-03,1
908,662,2,2022-03-19,1
909,758,6,2022-07-21,3
910,289,46,2022-12-22,2
911,414,50,2021-01-17,1
912,721,38,2021-03-09,3
913,638,88,2021-05-13,2
914,235,18,2022-12-01,4
915,416,27,2022-03-06,1
916,938,41,2021-11-04,1
917,499,72,2022-10-12,3
918,974,92,2021-06-23,3
919,634,74,2022-02-16,2
920,650,17,2021-04-07,4
921,115,62,2022-11-14,4
922,932,29,2021-06-03,3
923,674,58,2022-11-26,3
924,713,70,2021-08-30,2
925,234,78,2021-10-31,3
926,540,22,2021-10-12,2
927,11,6,2021-01-27,2
928,206,26,2022-02-06,4
929,679,39,2021-12-26,2
930,247,12,2021-03-01,4
931,559,99,2021-07-21,4
932,758,14,2022-08-04,4
933,127,22,2022-01-05,3
934,147,51,2022-06-17,4
935,118,23,2021-06-01,2
936,911,48,2021-04-12,3
937,382,71,2022-08-30,2
938,412,50,2022-03-22,3
939,664,89,2021-08-17,2
940,584,13,2021-05-05,1
941,363,85,2021-08-24,1
942,509,10,2021-06-11,1
943,137,55,2022-07-08,2
944,175,9,2021-12-19,3
945,289,79,2021-03-09,4
946,958,52,2021-06-22,4
947,481,2,2022-09-29,2
948,19,25,2022-11-13,2
949,195,13,2022-07-13,2
950,330,98,2021-09-18,2
951,936,51,2021-08-05,4
952,175,58,2021-05-04,3
953,449,34,2021-06-11,4
954,925,35,2021-07-20,2
955,946,3,2022-03-30,1
956,354,59,2022-02-06,4
957,499,70,2022-04-07,1
958,141,48,2021-10-02,1
959,758,64,2021-07-25,2
960,897,19,2021-02-09,4
961,930,67,2021-09-30,3
962,93,82,2022-12-01,4
963,944,73,2021-04-03,3
964,239,76,2021-02-11,3
965,205,5,2022-04-10,2
966,560,67,2022-01-14,3
967,433,11,2021-04-17,4
968,245,94,2021-11-24,4
969,832,68,2021-03-06,1
970,317,69,2021-12-31,3
971,925,1,2022-04-29,2
972,295,91,2022-10-09,2
973,640,92,2021-01-24,4
974,856,63,2022-06-24,3
975,282,29,2021-03-03,2
976,17,82,2022-05-06,3
977,71,12,2021-09-30,3
978,269,77,2021-08-17,1
979,325,41,2021-01-20,2
980,794,2,2021-01-03,1
981,305,37,2022-02-25,2
982,451,45,2022-12-31,3
983,7,80,2021-11-03,2
984,314,48,2022-03-08,4
985,817,24,2021-05-16,3
986,103,99,2022-05-30,2
987,821,22,2021-07-12,1
988,193,100,2022-08-08,1
989,753,11,2022-02-19,3
990,574,58,2021-04-28,1
991,529,46,2022-10-28,3
992,171,29,2021-07-28,3
993,537,35,2021-02-03,3
994,251,15,2022-10-11,2
995,765,60,2021-11-14,3
996,387,95,2021-04-30,1
997,207,42,2022-09-19,4
998,541,43,2022-06-09,2
999,629,80,2022-08-04,1
1000,416,74,2021-03-30,3
1001,794,49,2022-05-27,3
1002,380,64,2021-02-16,4
1003,144,32,2022-11-23,1
1004,25,64,2022-06-06,2
1005,822,2,2021-10-11,1
1006,668,24,2022-01-12,3
1007,73,87,2022-09-30,2
1008,632,66,2021-05-14,3
1009,824,38,2022-10-29,3
1010,833,31,2021-09-05,1
1011,93,26,2022-10-14,4
1012,505,29,2021-11-14,3
1013,598,67,2022-03-12,1
1014,336,78,2021-06-25,2
1015,425,25,2022-11-17,4
1016,499,48,2022-08-09,3
1017,364,65,2021-12-17,3
1018,947,53,2021-05-23,2
1019,630,67,2022-02-02,1
1020,745,90,2022-09-16,3
1021,199,18,2022-12-19,2
1022,718,9,2022-10-05,3
1023,413,38,2022-01-04,1
1024,339,87,2022-05-16,4
1025,659,21,2022-09-14,1
1026,962,65,2022-01-05,1
1027,937,21,2022-08-02,1
1028,429,27,2022-01-17,2
1029,783,70,2021-03-27,3
1030,899,44,2022-04-05,4
1031,139,100,2021-11-21,2
1032,693,28,2022-06-06,1
1033,942,45,2022-05-04,4
1034,542,17,2022-02-01,1
1035,57,40,2021-12-21,1
1036,232,3,2021-10-15,1
1037,658,76,2022-04-04,4
1038,435,76,2022-09-16,3
1039,384,66,2022-06-20,1
1040,560,46,2021-10-18,3
1041,194,86,2021-06-17,4
1042,736,87,2022-09-13,4
1043,648,30,2022-03-04,1
1044,534,69,2022-12-03,3
1045,518,9,2022-05-05,3
1046,716,85,2021-12-21,1
1047,751,11,2021-07-15,2
1048,185,69,2022-06-29,2
1049,872,99,2022-12-18,4
1050,292,91,2022-11-25,4
1051,335,66,2022-10-21,2
1052,732,88,2021-01-11,2
1053,116,31,2022-08-05,2
1054,825,33,2021-09-13,1
1055,49,39,2022-01-31,1
1056,685,94,2022-02-13,1
1057,82,46,2021-12-28,1
1058,834,37,2021-09-16,1
1059,333,92,2021-01-03,1
1060,557,60,2021-03-25,4
1061,335,31,2021-06-05,3
1062,532,11,2022-10-25,4
1063,960,87,2021-06-25,3
1064,221,2,2022-12-08,4
1065,635,27,2022-04-17,4
1066,746,99,2022-09-11,1
1067,733,2,2022-02-28,1
1068,323,21,2021-05-14,3
1069,851,58,2022-01-15,3
1070,3,5,2022-10-29,1
1071,694,52,2021-10-04,4
1072,206,45,2021-08-24,3
1073,832,85,2021-01-13,2
1074,40,93,2021-12-08,2
1075,59,20,2021-02-04,2
1076,951,61,2022-07-13,3
1077,574,38,2021-08-02,1
1078,644,20,2022-02-16,1
1079,507,25,2022-02-09,1
1080,572,2,2022-05-09,3
1081,884,32,2022-10-20,3
1082,843,26,2021-06-08,2
1083,122,70,2022-09-29,3
1084,479,41,2021-04-20,2
1085,619,67,2022-07-03,2
1086,96,97,2022-06-10,1
1087,859,1,2021-12-13,3
1088,414,51,2022-09-28,1
1089,235,5,2021-10-06,1
1090,898,13,2022-04-24,3
1091,62,19,2021-04-21,3
1092,256,12,2022-09-28,4
1093,561,48,2022-03-07,2
1094,905,25,2022-06-26,4
1095,348,57,2021-04-25,2
1096,671,35,2021-03-31,2
1097,124,76,2021-07-31,2
1098,482,94,2022-07-04,1
1099,317,5,2022-08-18,1
1100,504,98,2022-06-23,3
1101,719,22,2022-12-30,2
1102,48,77,2021-12-26,2
1103,409,57,2022-05-01,2
1104,932,47,2022-01-07,1
1105,136,54,2021-08-03,3
1106,201,3,2021-01-15,1
1107,250,53,2021-09-16,4
1108,314,84,2022-04-08,4
1109,869,31,2021-04-30,4
1110,368,69,2021-05-08,3
1111,429,88,2022-12-24,4
1112,830,33,2022-06-07,3
1113,807,72,2022-11-19,1
1114,480,88,2022-10-07,1
1115,314,50,2021-11-21,3
1116,500,84,2021-11-16,1
1117,721,16,2022-05-21,1
1118,355,76,2022-06-10,3
1119,485,77,2021-02-19,4
1120,211,39,2022-08-07,3
1121,704,89,2021-03-10,2
1122,44,46,2022-01-26,1
1123,541,96,2022-01-18,3
1124,571,88,2021-01-16,1
1125,583,47,2022-03-15,4
1126,92,44,2022-07-22,1
1127,265,9,2022-09-09,3
1128,895,87,2021-05-12,4
1129,220,50,2022-07-14,4
1130,902,77,2021-09-05,4
1131,925,60,2021-09-30,2
1132,442,96,2022-09-15,3
1133,401,15,2021-12-15,3
1134,400,36,2022-04-29,4
1135,727,63,2022-07-04,1
1136,991,69,2021-12-23,4
1137,899,86,2021-11-14,2
1138,789,80,2022-09-25,4
1139,576,41,2021-02-17,3
1140,858,74,2021-01-10,4
1141,804,24,2021-08-21,1
1142,490,82,2021-02-05,3
1143,485,49,2022-02-17,1
1144,757,18,2022-04-07,4
1145,470,7,2021-01-04,3
1146,574,4,2021-02-13,2
1147,938,90,2022-07-22,3
1148,844,69,2022-07-08,1
1149,682,60,2021-09-12,3
1150,445,55,2021-04-24,2
1151,269,16,2022-02-01,2
1152,267,99,2021-06-23,2
1153,54,90,2021-09-12,2
1154,528,82,2022-04-11,1
1155,520,29,2021-10-04,3
1156,616,23,2022-04-09,4
1157,59,14,2022-05-17,2
1158,825,79,2022-03-17,4
1159,40,49,2021-03-10,4
1160,237,33,2022-05-24,3
1161,955,25,2021-11-22,4
1162,386,21,2021-03-08,4
1163,606,17,2021-10-31,1
1164,734,23,2022-04-29,4
1165,716,57,2022-07-02,3
1166,650,81,2022-02-21,4
1167,300,58,2021-06-08,3
1168,395,14,2021-05-29,2
1169,207,93,2021-01-27,4
1170,336,20,2022-08-07,4
1171,593,30,2021-09-05,4
1172,730,19,2021-04-11,2
1173,514,53,2022-12-03,1
1174,178,56,2021-04-06,4
1175,396,77,2022-01-19,3
1176,371,82,2021-10-09,1
1177,858,23,2021-11-18,1
1178,791,62,2022-01-31,1
1179,658,33,2021-10-05,4
1180,318,18,2022-06-13,2
1181,736,73,2021-09-20,2
1182,369,33,2022-09-11,4
1183,384,32,2022-08-03,3
1184,62,61,2022-10-02,3
1185,806,54,2021-10-20,3
1186,505,17,2021-10-21,4
1187,239,19,2022-08-31,2
1188,195,91,2022-01-30,4
1189,678,70,2022-05-28,2
1190,963,99,2021-06-29,1
1191,222,34,2022-11-24,4
1192,61,84,2021-08-23,2
1193,129,25,2021-12-03,1
1194,990,68,2021-01-08,1
1195,685,74,2022-03-19,4
1196,992,74,2022-06-23,2
1197,156,88,2022-10-20,1
1198,917,85,2021-04-01,4
1199,378,11,2021-09-29,1
1200,622,91,2021-01-05,3
1201,781,16,2022-08-17,4
1202,923,90,2021-08-07,1
1203,868,61,2021-04-28,4
1204,903,94,2022-08-16,4
1205,790,80,2022-08-05,2
1206,586,7,2021-04-25,2
1207,999,16,2021-09-20,1
1208,437,99,2021-11-02,4
1209,975,16,2022-10-16,4
1210,207,40,2022-02-26,3
1211,388,12,2021-07-26,4
1212,480,35,2022-09-15,2
1213,791,21,2021-10-30,4
1214,887,50,2021-04-22,2
1215,838,43,2022-02-21,3
1216,984,100,2022-07-09,1
1217,340,17,2021-10-12,2
1218,869,32,2022-10-02,1
1219,340,41,2021-07-04,1
1220,204,6,2021-08-09,1
1221,161,88,2022-03-20,1
1222,540,27,2021-04-27,2
1223,392,20,2021-03-11,3
1224,769,25,2021-03-11,4
1225,677,66,2022-09-14,2
1226,575,9,2022-03-03,3
1227,534,92,2022-10-06,4
1228,70,53,2022-07-22,1
1229,893,61,2022-03-19,4
1230,405,38,2022-08-24,4
1231,608,3,2021-05-17,3
1232,675,84,2022-05-19,4
1233,591,70,2021-05-11,1
1234,517,97,2021-08-06,2
1235,828,55,2022-11-19,2
1236,120,1,2021-06-20,3
1237,814,70,2022-04-20,1
1238,690,45,2022-09-04,1
1239,688,98,2021-05-09,4
1240,902,47,2021-02-26,3
1241,217,79,2021-06-30,1
1242,56,26,2021-09-03,1
1243,366,14,2021-05-24,1
1244,699,54,2021-02-20,2
1245,504,71,2022-01-03,2
1246,744,46,2022-04-04,2
1247,767,31,2021-08-06,4
1248,925,88,2022-09-08,4
1249,455,59,2022-07-21,4
1250,104,95,2021-09-14,1
1251,77,29,2021-06-05,2
1252,230,96,2022-07-19,1
1253,914,17,2022-03-18,1
1254,258,14,2022-11-30,3
1255,264,36,2022-10-24,1
1256,331,58,2022-12-24,4
1257,993,24,2021-01-25,2
1258,182,63,2022-10-26,2
1259,893,91,2022-06-20,1
1260,768,25,2021-03-01,4
1261,550,59,2022-04-12,4
1262,688,32,2022-03-10,4
1263,27,82,2021-03-07,2
1264,276,18,2022-07-19,4
1265,652,37,2021-04-16,4
1266,299,26,2021-04-06,1
1267,957,9,2022-11-19,3
1268,799,99,2022-07-05,4
1269,91,64,2021-06-17,1
1270,480,72,2021-02-11,1
1271,573,20,2021-04-14,4
1272,458,54,2021-07-23,3
1273,451,86,2022-06-04,2
1274,365,83,2021-10-09,3
1275,859,30,2021-02-12,4
1276,675,53,2021-04-20,3
1277,351,92,2021-07-29,1
1278,655,99,2021-02-18,1
1279,400,63,2021-04-25,3
1280,253,11,2021-06-04,2
1281,781,31,2022-10-11,3
1282,881,49,2022-05-18,4
1283,803,100,2022-11-10,2
1284,459,94,2022-12-12,3
1285,699,87,2021-03-12,3
1286,917,19,2022-06-03,2
1287,499,12,2022-12-13,3
1288,950,15,2021-12-02,4
1289,971,31,2021-03-08,1
1290,926,43,2022-05-08,4
1291,508,37,2022-10-12,3
1292,304,79,2021-08-01,1
1293,501,29,2021-06-30,2
1294,803,26,2022-09-05,4
1295,598,2,2022-08-22,2
1296,166,84,2022-11-28,1
1297,415,15,2022-08-26,3
1298,462,4,2021-09-05,1
1299,920,86,2021-08-02,1
1300,114,50,2021-12-25,2
1301,433,38,2021-09-06,4
1302,992,23,2022-09-30,1
1303,356,59,2022-05-31,3
1304,928,90,2021-03-29,1
1305,695,75,2022-10-25,2
1306,207,28,2021-06-25,4
1307,768,66,2022-12-24,3
1308,235,8,2022-03-02,2
1309,442,29,2022-08-26,1
1310,355,11,2022-12-04,1
1311,515,18,2021-03-22,4
1312,208,55,2021-05-18,2
1313,709,50,2022-03-09,2
1314,853,14,2022-04-15,4
1315,125,74,2021-12-16,3
1316,138,99,2021-05-06,2
1317,339,9,2021-11-05,4
1318,537,99,2021-08-18,2
1319,68,11,2022-04-05,4
1320,573,63,2021-12-11,1
1321,541,76,2021-11-06,1
1322,383,67,2021-01-20,2
1323,19,53,2022-07-15,2
1324,683,39,2022-10-09,1
1325,450,78,2022-06-25,3
1326,74,56,2022-07-14,4
1327,573,28,2022-04-22,3
1328,939,75,2021-09-26,3
1329,665,39,2021-01-03,3
1330,276,25,2021-01-16,1
1331,48,21,2022-08-29,2
1332,211,10,2021-12-24,3
1333,855,43,2022-10-08,1
1334,920,15,2021-05-13,4
1335,651,83,2021-11-08,2
1336,622,48,2022-04-27,4
1337,994,86,2022-06-28,3
1338,695,21,2021-11-01,2
1339,540,60,2021-09-26,3
1340,709,96,2022-02-18,2
1341,191,50,2021-01-25,3
1342,315,23,2021-11-12,4
1343,901,13,2022-07-25,4
1344,563,69,2022-12-26,3
1345,661,4,2022-10-30,2
1346,780,92,2021-10-03,4
1347,562,78,2022-01-24,2
1348,900,72,2022-12-23,2
1349,758,9,2022-03-20,4
1350,113,35,2022-03-03,1
1351,170,21,2021-02-26,1
1352,468,58,2022-11-28,2
1353,678,18,2022-07-20,4
1354,921,97,2022-12-22,1
1355,14,72,2022-01-03,3
1356,715,81,2021-12-08,2
1357,288,43,2021-10-31,1
1358,907,95,2022-01-09,4
1359,189,98,2021-04-22,4
1360,914,6,2021-01-06,2
1361,155,86,2022-12-04,4
1362,567,78,2021-10-06,3
1363,694,67,2022-01-17,3
1364,722,12,2021-01-13,1
1365,888,100,2021-10-30,4
1366,471,12,2022-07-10,3
1367,75,66,2022-09-09,2
1368,277,2,2021-06-09,4
1369,940,15,2021-06-03,1
1370,645,23,2021-06-30,2
1371,343,29,2022-06-10,2
1372,425,81,2021-06-29,2
1373,571,96,2022-01-12,3
1374,511,7,2021-06-17,2
1375,857,94,2021-08-02,3
1376,182,28,2021-05-30,2
1377,458,14,2021-01-16,3
1378,918,44,2021-04-01,4
1379,851,30,2021-04-30,3
1380,833,81,2021-09-10,3
1381,64,32,2021-03-01,4
1382,839,70,2021-09-23,2
1383,260,88,2022-02-13,4
1384,193,6,2021-01-31,2
1385,655,27,2021-01-21,3
1386,616,82,2022-08-16,2
1387,972,88,2021-10-16,3
1388,406,24,2022-06-27,2
1389,726,34,2022-05-13,3
1390,754,40,2022-04-19,3
1391,943,47,2022-02-09,1
1392,721,79,2022-07-02,2
1393,93,75,2021-05-12,2
1394,430,86,2021-11-20,1
1395,654,24,2021-05-12,3
1396,434,65,2022-06-05,3
1397,404,18,2021-01-30,1
1398,434,44,2022-09-19,1
1399,112,76,2021-10-28,4
1400,929,57,2021-01-04,3
1401,375,28,2021-11-21,4
1402,59,71,2022-05-24,2
1403,43,23,2021-08-25,4
1404,207,85,2022-06-19,1
1405,780,34,2021-01-16,1
1406,296,11,2022-06-18,1
1407,118,86,2022-08-07,1
1408,532,35,2022-03-22,4
1409,222,93,2022-05-18,4
1410,166,42,2021-08-18,4
1411,643,28,2021-04-17,1
1412,156,82,2022-12-21,1
1413,184,78,2022-01-24,3
1414,90,82,2022-12-21,3
1415,94,92,2021-09-20,1
1416,13,24,2022-07-17,3
1417,973,8,2021-03-06,2
1418,834,53,2021-09-22,2
1419,805,72,2021-12-04,1
1420,945,4,2021-10-28,4
1421,742,91,2022-01-13,2
1422,834,100,2021-06-24,2
1423,804,5,2021-06-01,4
1424,438,97,2022-04-21,3
1425,538,49,2021-09-23,4
1426,587,98,2021-11-25,3
1427,968,30,2021-06-12,3
1428,876,72,2022-03-14,4
1429,936,63,2021-12-09,3
1430,811,47,2022-01-02,2
1431,150,26,2022-04-10,1
1432,660,57,2021-07-18,3
1433,8,37,2022-05-15,2
1434,29,98,2021-01-16,4
1435,296,7,2021-10-23,3
1436,986,40,2022-05-26,2
1437,926,92,2021-08-27,3
1438,721,39,2022-08-04,4
1439,640,62,2021-10-28,1
1440,340,92,2021-01-06,3
1441,628,78,2021-08-08,1
1442,439,53,2022-03-29,3
1443,144,4,2022-03-09,3
1444,942,82,2022-01-21,4
1445,830,25,2022-09-11,3
1446,747,7,2021-10-22,2
1447,519,28,2021-04-28,2
1448,976,69,2022-02-09,1
1449,45,67,2022-11-11,1
1450,955,95,2022-08-17,2
1451,239,20,2022-07-20,1
1452,952,83,2021-01-12,1
1453,944,11,2021-07-28,2
1454,155,67,2021-06-14,2
1455,181,87,2021-10-21,2
1456,215,7,2022-06-03,4
1457,88,23,2021-03-19,4
1458,256,61,2022-03-10,2
1459,511,71,2022-07-31,3
1460,73,34,2022-09-06,2
1461,931,19,2022-11-14,4
1462,179,58,2021-03-18,1
1463,212,9,2021-02-17,3
1464,805,48,2021-03-23,3
1465,234,82,2022-12-22,1
1466,465,41,2021-07-28,3
1467,751,48,2022-03-21,1
1468,223,45,2022-08-19,4
1469,631,25,2022-06-06,3
1470,825,78,2021-01-29,3
1471,264,25,2021-10-31,1
1472,207,19,2022-04-10,1
1473,607,39,2022-05-17,4
1474,885,79,2022-03-22,1
1475,734,80,2022-09-20,1
1476,366,27,2022-05-05,4
1477,276,74,2022-03-04,2
1478,380,63,2022-07-13,2
1479,743,68,2021-12-25,1
1480,309,19,2021-04-01,4
1481,631,28,2021-02-22,2
1482,268,85,2022-12-31,4
1483,945,78,2022-08-12,1
1484,785,33,2021-07-23,1
1485,64,10,2022-07-10,4
1486,810,83,2021-06-05,3
1487,350,30,2021-01-02,1
1488,925,22,2021-12-23,1
1489,915,3,2022-07-23,1
1490,494,82,2021-02-27,1
1491,523,75,2021-09-11,4
1492,98,48,2021-06-29,4
1493,946,2,2022-05-08,4
1494,71,76,2022-10-31,4
1495,364,54,2021-02-04,3
1496,570,6,2021-03-16,4
1497,802,40,2021-10-16,4
1498,763,93,2022-01-06,1
1499,276,94,2022-08-10,3
1500,50,2,2021-11-25,1
1501,358,73,2022-08-13,3
1502,728,2,2021-10-31,2
1503,906,93,2022-08-02,3
1504,928,97,2021-08-09,3
1505,564,74,2021-06-13,1
1506,783,98,2022-04-25,3
1507,485,55,2022-03-31,3
1508,84,72,2022-01-10,1
1509,899,60,2021-08-08,2
1510,805,97,2022-11-15,2
1511,638,6,2021-09-11,2
1512,808,19,2022-12-23,3
1513,584,96,2021-07-07,1
1514,296,27,2021-07-10,2
1515,236,1,2022-01-24,2
1516,56,33,2021-08-03,2
1517,919,40,2022-01-10,2
1518,360,32,2021-03-27,1
1519,907,69,2022-04-19,2
1520,110,17,2022-09-10,3
1521,192,8,2022-06-15,3
1522,904,57,2021-02-16,1
1523,93,42,2021-03-06,4
1524,862,98,2022-04-20,2
1525,568,9,2021-05-26,2
1526,60,87,2022-01-17,3
1527,650,35,2021-03-07,1
1528,39,71,2022-06-01,4
1529,540,79,2021-04-03,3
1530,49,53,2022-03-02,4
1531,420,54,2022-04-13,1
1532,637,84,2021-04-04,1
1533,13,25,2022-09-10,1
1534,992,67,2021-05-13,3
1535,36,62,2022-03-10,1
1536,101,55,2021-12-07,3
1537,794,46,2021-11-10,3
1538,86,24,2022-08-14,2
1539,516,98,2021-07-31,3
1540,223,46,2022-06-04,3
1541,338,22,2021-06-08,2
1542,960,11,2021-09-25,4
1543,166,48,2022-10-23,2
1544,383,8,2022-08-26,2
1545,856,39,2022-04-19,1
1546,895,35,2022-02-14,1
1547,376,49,2022-04-19,2
1548,471,46,2021-12-22,1
1549,790,38,2022-11-11,2
1550,642,8,2021-07-12,1
1551,31,54,2022-11-30,3
1552,375,37,2021-09-28,1
1553,11,91,2021-04-24,1
1554,988,92,2022-06-07,3
1555,302,40,2021-02-24,2
1556,96,34,2021-03-06,1
1557,190,96,2022-11-15,1
1558,453,79,2021-09-29,3
1559,192,17,2022-05-17,3
1560,486,33,2022-10-24,3
1561,266,47,2021-12-28,4
1562,424,52,2021-05-26,3
1563,128,80,2021-07-28,2
1564,238,93,2021-10-13,1
1565,920,9,2021-01-10,1
1566,355,33,2021-07-05,4
1567,940,60,2022-07-28,1
1568,112,93,2022-08-20,1
1569,828,77,2022-04-09,2
1570,446,21,2021-05-14,1
1571,343,58,2021-06-20,2
1572,145,85,2021-08-01,4
1573,65,69,2022-06-14,2
1574,247,10,2022-05-17,3
1575,735,6,2022-07-26,3
1576,991,13,2022-08-23,4
1577,490,65,2021-01-27,1
1578,825,20,2021-03-09,2
1579,439,57,2022-02-12,3
1580,106,46,2022-07-06,2
1581,181,8,2021-04-19,3
1582,184,10,2021-03-15,2
1583,226,73,2022-08-01,1
1584,777,67,2022-11-11,4
1585,790,11,2021-09-19,1
1586,909,12,2022-01-03,2
1587,89,10,2021-08-25,3
1588,688,25,2022-12-28,3
1589,530,49,2022-01-01,4
1590,371,49,2021-10-13,1
1591,972,89,2022-01-13,1
1592,936,11,2022-10-23,1
1593,913,62,2022-01-11,3
1594,399,36,2022-09-11,4
1595,106,39,2022-10-15,3
1596,271,53,2021-03-17,1
1597,975,90,2021-01-09,2
1598,831,78,2021-07-15,3
1599,503,56,2022-09-22,4
1600,679,1,2021-10-17,1
1601,525,56,2021-03-02,2
1602,849,4,2022-01-24,3
1603,32,30,2022-07-17,2
1604,393,12,2022-07-18,2
1605,40,35,2022-09-26,4
1606,660,77,2022-11-10,3
1607,218,52,2021-01-08,4
1608,731,31,2022-01-04,1
1609,981,87,2021-02-14,2
1610,82,68,2021-12-10,4
1611,845,52,2022-01-10,4
1612,720,80,2022-09-11,1
1613,201,7,2021-01-27,3
1614,447,22,2021-07-12,4
1615,844,93,2021-12-23,2
1616,428,75,2021-03-03,2
1617,38,56,2021-03-03,2
1618,211,97,2022-02-26,2
1619,444,58,2022-09-25,4
1620,327,93,2022-07-05,2
1621,761,64,2022-01-15,4
1622,227,12,2021-10-04,3
1623,48,7,2022-08-29,2
1624,18,55,2022-03-07,3
1625,912,62,2021-04-25,4
1626,439,90,2022-11-19,1
1627,807,73,2021-05-01,3
1628,708,98,2022-06-09,2
1629,187,77,2022-02-20,1
1630,345,55,2021-06-12,3
1631,224,36,2022-11-19,4
1632,830,89,2021-12-03,4
1633,488,24,2022-01-14,4
1634,909,44,2021-11-20,3
1635,877,17,2021-06-22,4
1636,849,2,2021-03-05,3
1637,229,13,2021-04-11,2
1638,390,31,2021-11-18,2
1639,979,93,2021-03-07,3
1640,589,28,2022-07-11,3
1641,188,60,2022-08-22,1
1642,858,27,2022-04-03,4
1643,270,15,2022-08-02,2
1644,607,95,2022-03-29,2
1645,310,79,2021-09-16,1
1646,132,33,2022-12-18,3
1647,551,20,2022-03-02,3
1648,72,42,2021-06-27,1
1649,793,12,2021-10-07,4
1650,845,73,2021-12-10,3
1651,672,23,2021-01-17,3
1652,187,72,2021-10-23,4
1653,486,96,2021-07-21,4
1654,191,14,2022-11-15,1
1655,422,91,2021-07-13,1
1656,120,25,2021-05-29,1
1657,220,77,2022-01-10,3
1658,53,85,2021-02-04,1
1659,734,31,2022-01-04,3
1660,451,54,2021-01-29,2
1661,412,5,2021-08-09,4
1662,643,13,2021-02-22,4
1663,237,28,2021-12-19,2
1664,758,43,2022-01-27,1
1665,738,89,2021-03-17,3
1666,720,99,2022-05-09,3
1667,406,47,2022-11-19,3
1668,608,71,2022-06-06,4
1669,422,38,2021-04-27,1
1670,712,96,2021-10-07,3
1671,247,67,2022-12-31,3
1672,72,62,2021-06-24,3
1673,830,39,2021-10-22,2
1674,185,37,2022-03-27,3
1675,6,86,2022-06-02,2
1676,206,8,2021-01-21,3
1677,544,81,2021-03-14,3
1678,611,52,2021-02-05,3
1679,906,91,2022-05-22,2
1680,387,33,2021-08-21,3
1681,768,81,2022-12-29,1
1682,699,42,2022-05-12,3
1683,76,76,2021-07-25,2
1684,177,27,2022-03-02,2
1685,827,8,2021-02-13,1
1686,799,23,2021-04-01,4
1687,349,64,2022-04-15,1
1688,255,93,2022-08-28,1
1689,837,20,2022-04-12,2
1690,702,16,2022-03-30,3
1691,308,17,2022-08-18,3
1692,345,80,2021-11-29,4
1693,127,19,2022-05-22,4
1694,937,8,2022-04-15,4
1695,287,38,2021-01-21,4
1696,766,38,2021-08-16,1
1697,725,53,2022-01-11,1
1698,762,93,2021-05-10,3
1699,596,100,2022-11-18,1
1700,487,90,2022-09-12,3
1701,383,31,2022-02-18,3
1702,406,44,2021-03-12,3
1703,388,60,2022-02-08,3
1704,525,76,2022-07-16,2
1705,557,17,2022-08-30,3
1706,639,79,2022-02-01,1
1707,938,73,2021-12-03,1
1708,626,39,2022-10-06,1
1709,945,42,2022-05-20,1
1710,276,48,2021-10-03,2
1711,500,12,2021-01-13,4
1712,717,96,2021-01-03,4
1713,337,89,2021-08-12,3
1714,950,18,2021-06-24,3
1715,932,79,2022-01-20,1
1716,481,96,2022-08-25,1
1717,897,6,2021-08-29,4
1718,911,43,2022-07-01,4
1719,973,35,2021-01-14,1
1720,273,98,2021-07-14,3
1721,920,54,2022-02-01,2
1722,58,62,2022-03-07,2
1723,328,69,2021-11-02,4
1724,731,82,2021-11-30,4
1725,109,16,2022-12-26,4
1726,279,8,2022-02-14,2
1727,686,89,2021-01-03,2
1728,328,96,2022-11-22,1
1729,776,90,2022-07-06,3
1730,315,86,2022-03-28,4
1731,474,31,2022-11-07,1
1732,111,10,2022-05-10,2
1733,699,56,2022-02-21,1
1734,781,76,2022-01-26,2
1735,935,92,2022-01-08,3
1736,229,70,2022-09-20,2
1737,497,20,2021-02-21,1
1738,156,5,2022-01-11,3
1739,473,23,2022-01-30,2
1740,701,9,2021-05-22,4
1741,272,58,2021-03-27,2
1742,887,59,2022-04-09,3
1743,2,93,2021-02-15,1
1744,758,80,2021-08-26,3
1745,722,54,2021-01-10,1
1746,511,46,2022-10-26,2
1747,913,22,2022-07-27,2
1748,286,64,2022-06-14,3
1749,871,8,2022-08-21,4
1750,13,20,2022-10-11,2
1751,608,51,2022-10-02,4
1752,498,78,2022-09-08,4
1753,733,39,2022-11-29,3
1754,238,37,2021-06-27,2
1755,94,50,2021-01-06,4
1756,338,34,2021-11-03,2
1757,781,75,2022-07-02,1
1758,171,33,2021-11-23,4
1759,981,31,2021-12-22,3
1760,606,54,2022-01-30,3
1761,661,44,2021-10-27,4
1762,624,34,2022-06-10,2
1763,567,71,2021-10-12,1
1764,849,62,2021-11-26,1
1765,936,23,2021-02-19,3
1766,467,46,2022-09-14,3
1767,628,56,2022-12-10,2
1768,143,7,2022-01-13,3
1769,201,89,2022-08-23,2
1770,180,61,2022-06-22,4
1771,714,3,2021-05-24,1
1772,364,38,2021-03-01,4
1773,479,84,2021-03-16,3
1774,565,34,2021-01-03,1
1775,471,44,2022-07-29,1
1776,384,30,2022-03-24,4
1777,692,17,2021-10-02,2
1778,926,59,2022-06-14,1
1779,417,10,2022-08-15,2
1780,825,99,2021-08-03,4
1781,308,84,2022-11-14,4
1782,649,18,2022-04-30,2
1783,694,45,2021-11-25,4
1784,367,91,2021-09-12,1
1785,1,59,2022-01-22,4
1786,44,62,2021-05-06,4
1787,739,59,2022-08-07,1
1788,843,49,2022-07-04,2
1789,98,100,2021-11-20,4
1790,720,63,2021-07-23,2
1791,265,87,2021-06-21,1
1792,800,32,2021-08-05,2
1793,783,10,2021-09-02,2
1794,140,11,2021-12-02,3
1795,481,70,2022-12-04,3
1796,237,62,2021-10-25,4
1797,974,47,2021-07-01,3
1798,953,34,2021-11-30,3
1799,904,100,2022-05-26,3
1800,72,17,2022-01-18,2
1801,667,54,2022-12-18,2
1802,190,76,2021-07-18,3
1803,268,85,2021-11-28,1
1804,321,40,2021-06-14,3
1805,107,19,2021-08-30,1
1806,232,67,2022-10-04,2
1807,42,82,2021-08-15,1
1808,702,53,2022-09-26,2
1809,883,64,2022-07-10,1
1810,139,83,2022-03-27,2
1811,615,47,2021-07-15,2
1812,683,6,2021-07-23,3
1813,863,16,2022-04-03,4
1814,273,72,2021-09-14,4
1815,481,18,2022-06-13,2
1816,416,52,2021-09-29,3
1817,506,48,2021-01-09,4
1818,733,43,2021-07-20,4
1819,725,39,2021-02-28,3
1820,853,49,2022-01-28,3
1821,424,12,2022-10-14,4
1822,407,10,2021-04-29,4
1823,568,71,2022-07-07,1
1824,390,55,2022-02-03,1
1825,342,1,2021-11-27,2
1826,946,49,2021-09-24,4
1827,614,36,2022-06-04,3
1828,933,21,2022-11-26,3
1829,493,37,2022-04-25,4
1830,192,24,2021-05-14,2
1831,499,55,2022-11-24,3
1832,822,25,2021-12-21,4
1833,712,7,2022-08-07,4
1834,233,81,2022-05-13,2
1835,945,93,2022-09-17,4
1836,227,94,2021-04-17,3
1837,371,71,2021-10-17,1
1838,139,97,2022-09-21,2
1839,856,71,2022-09-24,4
1840,817,24,2021-05-27,2
1841,149,11,2021-11-23,4
1842,115,73,2022-02-19,1
1843,450,12,2021-07-29,2
1844,63,35,2021-10-23,4
1845,104,63,2022-02-02,1
1846,851,68,2021-04-13,3
1847,871,100,2022-09-28,4
1848,668,92,2022-05-23,1
1849,273,57,2021-07-28,1
1850,6,13,2022-03-04,2
1851,147,23,2022-01-28,4
1852,184,83,2021-04-19,3
1853,998,39,2021-12-14,4
1854,28,88,2021-02-19,1
1855,962,80,2021-04-15,3
1856,550,97,2022-02-24,1
1857,119,12,2022-01-08,2
1858,293,34,2021-01-27,4
1859,371,71,2021-09-30,1
1860,244,75,2022-10-11,1
1861,580,31,2021-12-06,4
1862,726,93,2021-10-28,3
1863,218,62,2022-04-25,1
1864,177,13,2022-06-28,4
1865,299,31,2022-07-11,2
1866,676,2,2021-09-22,2
1867,58,15,2022-06-26,4
1868,269,57,2022-08-19,1
1869,308,75,2021-06-15,4
1870,570,34,2021-11-12,4
1871,288,68,2021-01-01,1
1872,977,75,2021-09-18,3
1873,105,29,2021-03-04,3
1874,228,66,2022-04-28,2
1875,247,16,2022-11-07,3
1876,700,39,2021-11-17,4
1877,494,77,2021-07-20,1
1878,83,37,2021-08-10,2
1879,186,81,2021-06-01,3
1880,252,21,2022-10-06,4
1881,355,44,2022-09-18,2
1882,750,19,2022-04-07,1
1883,872,71,2021-08-05,3
1884,696,8,2021-07-15,4
1885,796,77,2021-07-21,1
1886,897,66,2022-10-09,4
1887,938,41,2021-08-22,4
1888,210,75,2021-05-21,4
1889,816,88,2022-12-09,1
1890,808,70,2022-05-13,2
1891,609,61,2022-07-09,4
1892,447,26,2021-02-26,2
1893,460,71,2022-05-19,2
1894,968,83,2021-05-22,3
1895,472,70,2022-12-23,3
1896,720,29,2022-08-07,2
1897,370,66,2022-06-23,3
1898,900,19,2022-10-02,3
1899,934,68,2021-04-16,2
1900,492,58,2021-06-14,1
1901,923,70,2021-08-03,3
1902,137,57,2021-03-12,3
1903,367,37,2022-12-17,1
1904,912,61,2022-10-27,1
1905,184,92,2022-08-02,1
1906,588,30,2021-03-31,2
1907,287,71,2021-08-16,1
1908,472,73,2021-03-20,2
1909,375,25,2022-08-31,4
1910,654,97,2021-12-15,4
1911,749,65,2021-09-03,1
1912,537,6,2021-09-29,1
1913,511,18,2022-02-07,4
1914,802,10,2022-10-31,2
1915,579,92,2021-04-26,2
1916,250,11,2022-03-11,1
1917,920,97,2022-06-14,1
1918,510,65,2022-03-18,1
1919,630,77,2021-06-21,4
1920,73,84,2021-01-16,3
1921,282,65,2021-02-25,1
1922,916,52,2022-08-14,2
1923,960,67,2021-04-13,3
1924,360,82,2021-10-11,2
1925,10,78,2022-12-06,3
1926,211,31,2022-06-01,4
1927,835,91,2022-09-10,3
1928,152,17,2021-10-05,2
1929,5,55,2022-09-04,3
1930,195,93,2021-09-26,4
1931,954,36,2022-02-04,2
1932,283,26,2022-05-18,1
1933,464,53,2021-03-27,3
1934,113,17,2021-11-16,2
1935,271,86,2021-02-01,3
1936,163,25,2021-12-02,4
1937,460,2,2021-02-20,2
1938,105,86,2021-03-20,1
1939,693,5,2022-11-29,1
1940,556,4,2021-06-23,3
1941,282,36,2022-09-10,4
1942,687,6,2022-05-16,4
1943,162,21,2022-07-29,3
1944,983,77,2021-03-17,2
1945,351,89,2021-11-12,2
1946,434,26,2022-01-08,3
1947,852,55,2021-03-22,2
1948,140,39,2022-10-02,2
1949,471,84,2022-11-26,2
1950,132,33,2022-11-28,3
1951,87,14,2021-03-12,1
1952,688,56,2022-10-28,4
1953,183,100,2022-10-14,1
1954,368,81,2021-03-12,2
1955,129,21,2021-02-15,3
1956,246,46,2021-02-16,4
1957,601,16,2022-08-14,2
1958,578,16,2022-02-26,4
1959,670,84,2021-05-29,4
1960,899,29,2021-05-10,1
1961,378,92,2022-04-01,2
1962,149,8,2022-10-01,4
1963,985,88,2022-09-23,1
1964,852,3,2022-05-20,3
1965,433,89,2021-09-01,4
1966,628,19,2022-04-19,2
1967,726,97,2022-01-17,3
1968,469,66,2021-04-13,4
1969,446,79,2022-05-04,4
1970,481,86,2021-02-06,2
1971,884,74,2022-10-16,4
1972,294,82,2022-07-03,2
1973,765,22,2022-06-04,2
1974,143,46,2021-11-29,2
1975,250,91,2022-02-01,2
1976,878,13,2021-10-23,4
1977,948,33,2021-04-17,3
1978,975,5,2022-06-14,3
1979,302,90,2021-03-24,1
1980,25,77,2021-10-15,2
1981,789,27,2022-12-07,4
1982,984,78,2022-04-06,4
1983,889,24,2021-08-03,1
1984,890,67,2021-10-08,3
1985,901,63,2022-04-04,4
1986,70,94,2021-12-10,1
1987,625,99,2021-07-13,3
1988,875,48,2021-06-07,4
1989,112,63,2022-04-10,2
1990,364,78,2021-04-14,1
1991,303,12,2021-02-03,4
1992,471,28,2021-04-12,1
1993,964,44,2022-10-01,1
1994,91,93,2022-12-27,1
1995,530,43,2021-11-21,2
1996,661,17,2022-11-22,3
1997,988,40,2022-08-15,3
1998,739,49,2021-05-21,4
1999,726,85,2022-04-19,2
2000,872,57,2021-01-31,3
2001,663,87,2021-03-04,4
2002,192,84,2022-07-14,4
2003,963,64,2021-03-28,1
2004,552,75,2021-10-31,2
2005,242,57,2021-03-02,3
2006,138,98,2022-01-31,2
2007,345,74,2021-11-30,2
2008,180,74,2022-02-15,3
2009,712,70,2021-10-11,3
2010,503,100,2022-04-11,2
2011,203,88,2021-03-21,4
2012,573,76,2022-11-23,2
2013,192,43,2021-03-18,3
2014,5,23,2022-06-24,2
2015,890,27,2021-12-27,3
2016,237,58,2021-03-18,4
2017,693,37,2022-05-24,2
2018,311,6,2021-06-13,4
2019,549,65,2021-01-09,2
2020,56,6,2021-06-24,2
2021,443,50,2022-04-07,3
2022,237,22,2021-11-03,1
2023,870,88,2022-08-11,3
2024,861,25,2021-09-02,2
2025,197,79,2021-05-02,1
2026,585,90,2021-07-04,1
2027,571,72,2021-02-01,4
2028,752,51,2022-07-23,2
2029,514,88,2021-11-06,3
2030,449,48,2022-01-07,1
2031,360,70,2022-10-18,1
2032,700,99,2022-08-19,3
2033,819,65,2021-02-25,3
2034,30,60,2021-09-30,1
2035,779,46,2022-04-09,3
2036,988,36,2022-11-09,4
2037,108,58,2022-04-01,1
2038,844,76,2022-11-01,4
2039,935,38,2021-09-06,2
2040,602,11,2022-11-29,4
2041,717,12,2021-03-19,3
2042,891,42,2022-06-18,1
2043,968,39,2021-04-18,4
2044,959,71,2021-09-30,3
2045,960,11,2021-01-15,3
2046,445,36,2022-01-05,4
2047,893,52,2021-10-31,1
2048,438,31,2022-11-03,4
2049,732,33,2021-07-24,2
2050,890,13,2021-04-23,4
2051,606,18,2022-11-11,4
2052,457,41,2021-09-10,1
2053,615,58,2022-03-17,4
2054,735,56,2021-07-05,3
2055,698,24,2021-08-15,1
2056,981,73,2022-06-12,3
2057,696,31,2022-10-30,1
2058,495,55,2021-12-20,2
2059,674,10,2022-09-15,2
2060,247,60,2021-01-01,2
2061,543,2,2022-07-07,4
2062,564,15,2022-07-14,2
2063,857,3,2022-02-24,1
2064,588,43,2022-09-12,2
2065,897,31,2021-06-10,1
2066,439,70,2021-06-10,3
2067,278,67,2021-05-08,4
2068,552,56,2022-12-23,3
2069,613,63,2021-05-31,3
2070,111,75,2022-03-20,2
2071,385,15,2022-04-16,2
2072,833,92,2022-04-08,2
2073,761,10,2022-12-31,3
2074,191,38,2021-01-30,4
2075,490,47,2022-04-18,4
2076,694,57,2022-07-11,3
2077,426,50,2021-03-21,4
2078,405,71,2021-02-08,3
2079,335,15,2021-08-28,3
2080,209,18,2022-07-11,4
2081,22,82,2022-08-13,1
2082,678,88,2021-12-03,1
2083,611,2,2021-10-07,2
2084,208,84,2021-04-26,4
2085,8,98,2021-09-26,2
2086,702,43,2021-12-01,3
2087,687,26,2021-11-08,1
2088,785,71,2021-02-22,4
2089,529,38,2021-03-09,4
2090,602,94,2022-11-25,4
2091,653,42,2021-02-03,1
2092,657,5,2022-01-21,2
2093,166,11,2021-09-06,1
2094,849,65,2021-04-21,2
2095,496,34,2021-04-04,3
2096,590,1,2022-02-14,3
2097,429,83,2021-06-28,2
2098,774,2,2021-02-16,3
2099,163,85,2022-08-27,3
2100,366,20,2022-01-11,4
2101,526,61,2022-12-25,4
2102,239,87,2022-08-10,1
2103,72,21,2021-07-21,1
2104,445,88,2022-03-21,1
2105,655,68,2021-10-24,4
2106,822,12,2021-11-04,1
2107,509,22,2022-12-24,1
2108,795,20,2022-05-08,4
2109,269,82,2021-12-04,2
2110,753,1,2022-10-08,4
2111,415,30,2021-03-07,2
2112,245,97,2022-02-26,4
2113,675,24,2022-06-24,1
2114,60,14,2022-09-21,3
2115,6,36,2022-05-08,3
2116,709,69,2021-11-13,2
2117,982,75,2022-09-18,2
2118,570,24,2021-03-16,2
2119,817,60,2022-12-15,3
2120,407,95,2021-02-28,2
2121,217,55,2022-01-21,4
2122,930,77,2021-01-15,4
2123,26,80,2021-08-19,3
2124,815,24,2022-09-09,4
2125,5,77,2022-11-08,2
2126,986,24,2021-07-18,3
2127,532,54,2021-12-20,2
2128,390,26,2021-02-04,4
2129,710,66,2021-06-11,2
2130,571,80,2022-04-16,3
2131,448,38,2022-06-15,2
2132,754,65,2022-02-27,4
2133,146,75,2021-12-14,1
2134,388,51,2022-11-25,3
2135,785,35,2021-05-27,2
2136,249,43,2022-01-09,3
2137,526,29,2022-11-19,2
2138,462,37,2022-11-06,1
2139,13,81,2022-02-20,4
2140,903,58,2022-11-18,2
2141,384,54,2022-05-09,2
2142,556,39,2022-07-13,1
2143,887,42,2021-09-13,3
2144,399,28,2022-11-17,4
2145,19,29,2021-04-13,2
2146,575,43,2021-05-01,2
2147,491,3,2022-02-23,4
2148,751,10,2021-12-16,1
2149,419,59,2022-10-19,3
2150,337,14,2021-02-11,4
2151,419,76,2022-01-02,3
2152,915,47,2021-01-29,1
2153,916,42,2021-01-14,1
2154,612,94,2022-04-30,4
2155,675,32,2021-07-08,2
2156,928,32,2021-10-22,1
2157,122,42,2021-07-02,1
2158,432,32,2022-07-02,4
2159,44,26,2021-02-06,4
2160,872,1,2021-01-14,4
2161,920,56,2022-09-27,1
2162,317,2,2022-08-18,3
2163,381,81,2021-06-08,1
2164,145,30,2022-05-09,4
2165,327,71,2021-11-25,2
2166,363,52,2022-09-06,2
2167,50,91,2021-03-24,4
2168,65,9,2022-07-10,2
2169,355,22,2022-08-03,1
2170,800,34,2022-07-14,3
2171,164,49,2022-07-23,1
2172,141,1,2022-08-10,4
2173,966,73,2021-01-22,1
2174,826,84,2021-05-12,2
2175,128,53,2022-04-10,1
2176,398,83,2022-04-01,3
2177,933,100,2021-10-29,2
2178,880,40,2021-09-24,3
2179,463,45,2022-01-30,3
2180,751,68,2021-04-30,3
2181,836,9,2021-09-03,1
2182,808,22,2022-07-22,1
2183,187,18,2021-02-07,1
2184,720,76,2021-09-02,1
2185,732,43,2021-01-21,2
2186,912,39,2021-04-20,1
2187,190,73,2022-08-29,2
2188,388,6,2022-01-29,3
2189,429,83,2022-02-14,2
2190,858,48,2022-10-10,4
2191,284,7,2021-01-08,1
2192,864,80,2022-03-20,4
2193,237,69,2021-11-24,2
2194,194,16,2021-10-17,1
2195,287,1,2022-05-26,4
2196,771,37,2021-12-27,1
2197,758,83,2022-08-22,2
2198,136,37,2022-12-17,4
2199,792,81,2021-08-07,2
2200,783,64,2022-02-10,4
2201,171,90,2022-09-13,3
2202,159,86,2021-08-08,3
2203,201,62,2022-08-18,3
2204,487,72,2021-04-17,3
2205,557,61,2022-08-04,3
2206,962,33,2022-09-01,2
2207,776,66,2022-12-25,3
2208,583,30,2021-10-13,2
2209,504,20,2021-01-08,3
2210,876,60,2021-07-08,1
2211,371,82,2021-03-22,3
2212,103,74,2021-04-18,1
2213,125,24,2021-11-17,2
2214,313,4,2022-08-02,3
2215,976,37,2022-11-17,4
2216,995,4,2021-12-12,2
2217,798,77,2021-11-24,3
2218,458,89,2022-07-09,2
2219,230,77,2022-11-30,4
2220,658,18,2021-10-29,3
2221,882,88,2021-07-19,4
2222,197,66,2022-02-23,3
2223,885,48,2021-02-08,1
2224,733,33,2021-11-03,2
2225,423,58,2021-01-04,4
2226,572,83,2022-09-25,2
2227,610,73,2021-03-18,4
2228,171,28,2022-04-13,2
2229,382,35,2021-06-28,2
2230,173,10,2022-10-07,2
2231,663,65,2021-10-03,1
2232,453,42,2021-06-01,3
2233,350,85,2021-06-13,1
2234,902,9,2021-10-17,2
2235,952,60,2022-01-13,4
2236,634,15,2022-09-13,2
2237,494,99,2022-09-30,3
2238,620,57,2021-11-06,1
2239,4,69,2022-01-24,3
2240,93,22,2022-10-20,4
2241,919,64,2021-07-02,3
2242,6,41,2021-11-02,1
2243,288,87,2021-03-13,4
2244,618,71,2021-08-07,3
2245,146,56,2022-12-20,1
2246,783,23,2021-06-22,1
2247,424,25,2022-10-15,2
2248,890,91,2021-09-29,3
2249,608,6,2022-12-27,4
2250,457,34,2022-04-13,2
2251,741,63,2021-09-26,3
2252,202,9,2021-01-20,3
2253,212,60,2022-08-01,4
2254,6,49,2022-05-18,2
2255,624,97,2021-05-27,2
2256,376,51,2022-03-05,4
2257,891,60,2021-06-14,2
2258,447,70,2021-11-06,1
2259,835,37,2022-06-02,4
2260,106,31,2021-01-14,3
2261,651,98,2021-05-12,4
2262,811,41,2022-03-15,1
2263,401,62,2022-11-05,4
2264,96,93,2021-09-20,3
2265,388,58,2022-10-05,3
2266,959,14,2021-08-13,4
2267,452,36,2021-09-15,4
2268,849,36,2021-08-22,1
2269,809,79,2021-12-02,1
2270,979,8,2022-02-13,3
2271,901,26,2021-01-24,2
2272,416,36,2021-09-28,2
2273,726,48,2021-04-05,2
2274,504,85,2021-05-22,2
2275,454,28,2022-11-25,3
2276,291,68,2022-12-19,2
2277,534,62,2021-03-22,2
2278,193,80,2021-10-01,4
2279,980,86,2021-10-03,2
2280,150,76,2022-04-10,4
2281,880,80,2021-07-27,3
2282,759,51,2021-10-23,4
2283,779,42,2021-02-08,1
2284,973,29,2021-10-15,4
2285,763,82,2021-05-04,2
2286,515,10,2021-10-10,4
2287,393,39,2021-06-29,4
2288,316,82,2021-04-07,3
2289,76,1,2021-07-10,3
2290,599,39,2021-03-15,2
2291,270,21,2022-03-23,1
2292,225,65,2022-05-12,1
2293,530,15,2022-07-15,4
2294,113,4,2022-04-29,1
2295,251,60,2022-12-23,3
2296,233,61,2021-04-26,2
2297,841,20,2022-06-19,2
2298,791,10,2021-04-08,3
2299,714,87,2021-11-24,2
2300,83,34,2022-02-11,4
2301,125,48,2021-11-09,2
2302,175,33,2022-12-03,1
2303,69,98,2022-11-25,2
2304,47,61,2021-05-28,2
2305,884,10,2021-12-08,3
2306,256,54,2022-05-10,3
2307,727,84,2021-01-23,1
2308,30,65,2021-04-15,3
2309,281,77,2022-11-06,1
2310,924,1,2022-08-02,4
2311,994,5,2022-07-12,1
2312,237,80,2022-08-16,2
2313,248,15,2022-10-21,1
2314,368,28,2021-08-10,4
2315,495,95,2021-01-15,2
2316,25,23,2022-09-25,1
2317,586,17,2021-03-19,3
2318,718,98,2021-11-18,3
2319,490,13,2021-08-29,3
2320,494,14,2021-01-18,1
2321,314,11,2022-03-30,1
2322,606,28,2022-03-19,4
2323,375,42,2021-10-04,2
2324,639,96,2022-02-28,2
2325,937,99,2022-04-21,2
2326,25,61,2021-01-27,2
2327,334,64,2022-05-29,1
2328,355,31,2022-04-09,1
2329,116,81,2021-12-29,4
2330,48,73,2022-01-18,2
2331,738,10,2022-06-09,1
2332,778,8,2022-01-17,1
2333,99,21,2021-07-03,1
2334,459,77,2021-07-13,1
2335,523,59,2022-04-07,2
2336,597,50,2021-02-25,2
2337,405,69,2021-08-18,1
2338,214,70,2022-05-04,3
2339,685,30,2021-01-28,4
2340,903,95,2022-08-06,2
2341,503,17,2022-12-23,2
2342,721,75,2021-07-03,3
2343,448,20,2022-03-01,2
2344,894,48,2022-01-10,3
2345,576,73,2021-02-10,3
2346,258,2,2022-04-29,1
2347,844,37,2021-09-17,2
2348,121,1,2022-03-17,4
2349,810,4,2021-03-25,3
2350,978,100,2021-02-15,4
2351,54,54,2022-03-16,1
2352,331,25,2022-11-02,2
2353,784,3,2022-06-03,1
2354,241,9,2022-03-14,1
2355,755,86,2021-05-16,4
2356,530,87,2021-07-02,4
2357,483,76,2022-12-10,3
2358,187,74,2021-06-21,2
2359,858,34,2022-08-13,1
2360,656,43,2022-11-21,3
2361,262,74,2022-06-23,3
2362,953,94,2021-04-30,1
2363,364,22,2021-10-08,1
2364,491,70,2021-11-04,3
2365,431,2,2022-12-09,1
2366,239,94,2021-10-04,1
2367,304,66,2022-06-14,4
2368,298,32,2021-10-22,2
2369,76,16,2021-02-22,3
2370,700,76,2022-03-08,1
2371,333,1,2021-02-21,3
2372,900,72,2022-12-29,2
2373,999,48,2021-03-13,3
2374,758,50,2021-01-28,3
2375,642,13,2022-04-14,3
2376,474,15,2022-07-01,4
2377,827,53,2022-02-05,2
2378,923,44,2021-07-20,2
2379,283,8,2022-09-03,3
2380,591,74,2022-04-11,3
2381,72,46,2022-10-14,2
2382,263,69,2022-08-18,1
2383,703,19,2022-07-14,4
2384,879,38,2022-01-14,2
2385,887,11,2021-06-26,3
2386,942,43,2021-02-21,1
2387,575,20,2021-03-20,1
2388,1000,20,2022-01-20,1
2389,892,21,2022-07-30,4
2390,12,82,2021-01-08,4
2391,141,57,2021-08-02,2
2392,766,50,2021-01-25,2
2393,555,74,2022-03-26,2
2394,17,98,2022-04-02,2
2395,63,26,2022-04-06,3
2396,253,30,2021-07-17,4
2397,465,73,2021-04-04,1
2398,376,31,2022-12-20,3
2399,804,42,2022-03-13,2
2400,981,68,2022-06-11,2
2401,520,61,2022-11-21,3
2402,837,61,2022-01-13,1
2403,90,70,2022-08-10,4
2404,720,78,2021-04-14,4
2405,804,68,2022-11-11,1
2406,796,90,2022-09-19,4
2407,630,17,2021-02-08,2
2408,861,19,2022-04-03,2
2409,175,51,2021-12-30,2
2410,76,70,2021-05-15,2
2411,613,63,2022-01-09,1
2412,926,93,2021-08-20,4
2413,663,75,2021-02-08,4
2414,400,80,2021-02-16,3
2415,782,30,2021-02-05,1
2416,970,25,2021-04-05,4
2417,71,75,2021-12-27,4
2418,180,71,2022-06-09,3
2419,124,26,2021-05-26,2
2420,381,56,2022-01-03,4
2421,293,22,2021-03-06,2
2422,797,89,2021-08-16,3
2423,195,19,2022-06-04,4
2424,911,31,2022-07-09,2
2425,228,26,2021-06-30,1
2426,431,42,2022-05-16,2
2427,942,41,2022-08-20,2
2428,436,100,2021-06-04,2
2429,787,23,2022-06-19,2
2430,461,47,2022-09-19,1
2431,618,13,2022-03-11,3
2432,21,89,2021-04-09,2
2433,64,66,2022-09-08,2
2434,165,66,2022-01-07,4
2435,27,16,2022-07-17,4
2436,311,73,2021-12-28,1
2437,285,28,2021-04-22,1
2438,660,77,2022-03-29,1
2439,281,35,2021-06-18,4
2440,838,41,2022-08-07,2
2441,831,77,2021-05-19,4
2442,164,31,2021-08-19,3
2443,898,85,2021-08-27,1
2444,918,32,2021-09-10,1
2445,224,54,2022-03-12,1
2446,784,98,2022-07-15,3
2447,146,72,2022-02-26,2
2448,965,59,2021-10-30,2
2449,950,41,2021-03-13,2
2450,868,66,2021-09-20,1
2451,30,96,2021-08-10,2
2452,45,54,2021-03-18,4
2453,787,40,2021-03-03,1
2454,471,28,2022-04-16,3
2455,34,37,2021-06-06,3
2456,653,65,2021-05-05,2
2457,427,74,2021-06-10,1
2458,830,55,2022-06-25,4
2459,886,4,2022-09-18,4
2460,221,99,2022-08-14,1
2461,868,10,2022-06-19,2
2462,534,47,2021-04-16,3
2463,692,75,2021-05-11,3
2464,948,14,2021-12-23,4
2465,367,38,2022-11-16,4
2466,932,12,2021-01-02,4
2467,841,45,2021-08-21,3
2468,743,17,2022-01-04,4
2469,915,80,2021-09-08,3
2470,550,35,2021-04-18,3
2471,582,66,2021-10-03,2
2472,116,75,2021-06-29,2
2473,239,41,2022-12-26,2
2474,335,67,2021-10-20,4
2475,441,29,2022-08-07,3
2476,148,18,2021-06-24,4
2477,9,20,2021-05-03,3
2478,288,14,2021-08-15,2
2479,388,34,2022-03-20,2
2480,50,49,2022-03-04,4
2481,850,54,2021-03-24,3
2482,517,31,2022-10-20,4
2483,916,58,2022-09-24,1
2484,855,42,2021-03-06,4
2485,638,58,2021-10-08,2
2486,587,82,2022-01-26,3
2487,677,30,2022-03-04,3
2488,278,25,2022-09-10,4
2489,954,63,2021-04-17,2
2490,836,19,2022-07-02,1
2491,989,72,2022-10-21,4
2492,300,92,2021-09-19,3
2493,802,8,2021-06-08,2
2494,589,95,2021-09-22,3
2495,810,3,2022-04-13,3
2496,649,67,2021-07-21,3
2497,618,86,2021-06-04,3
2498,607,81,2021-01-13,1
2499,135,100,2021-10-24,2
2500,580,17,2022-05-13,4
2501,147,14,2022-08-20,2
2502,490,9,2021-09-02,2
2503,478,62,2021-10-27,2
2504,159,94,2021-12-28,4
2505,384,21,2021-12-20,2
2506,163,76,2022-06-05,4
2507,441,37,2022-01-21,4
2508,853,96,2021-11-08,1
2509,189,11,2022-02-18,3
2510,415,20,2021-10-05,4
2511,339,35,2022-12-16,3
2512,607,53,2022-08-16,2
2513,181,47,2021-12-22,3
2514,288,75,2022-06-09,3
2515,834,52,2021-01-16,3
2516,187,8,2021-02-14,2
2517,884,4,2021-11-17,2
2518,138,27,2022-10-13,4
2519,130,44,2021-11-22,4
2520,194,40,2021-05-28,1
2521,316,47,2021-12-21,2
2522,984,94,2021-08-24,1
2523,785,44,2022-12-04,2
2524,864,48,2022-09-05,3
2525,144,91,2021-04-15,1
2526,16,85,2022-04-19,1
2527,302,52,2022-01-31,1
2528,423,84,2022-03-22,2
2529,245,68,2022-08-29,4
2530,927,11,2021-08-08,1
2531,107,77,2022-03-18,4
2532,88,73,2022-10-07,2
2533,129,4,2022-10-29,1
2534,907,76,2021-01-28,2
2535,887,73,2022-04-20,4
2536,341,77,2022-09-20,4
2537,4,48,2021-11-01,1
2538,327,26,2022-02-09,4
2539,410,77,2022-05-28,3
2540,879,39,2022-05-17,3
2541,306,92,2021-12-14,1
2542,908,58,2021-08-28,2
2543,607,19,2022-07-24,2
2544,721,88,2022-11-26,2
2545,225,83,2021-12-03,3
2546,971,77,2021-01-26,4
2547,348,77,2022-02-13,3
2548,992,58,2021-03-18,4
2549,321,28,2021-08-05,3
2550,559,66,2021-11-24,2
2551,988,10,2021-01-23,2
2552,181,86,2022-11-01,2
2553,618,77,2022-12-19,1
2554,711,58,2021-11-06,1
2555,386,73,2022-08-22,4
2556,618,97,2021-09-24,1
2557,792,14,2022-02-19,3
2558,772,84,2022-10-08,3
2559,108,15,2021-09-24,4
2560,531,96,2021-11-29,4
2561,410,33,2022-03-26,2
2562,971,17,2022-07-19,1
2563,296,24,2022-09-03,2
2564,818,30,2021-09-04,1
2565,171,62,2021-02-05,1
2566,331,13,2022-02-05,4
2567,493,62,2021-01-28,2
2568,195,47,2021-08-08,2
2569,12,16,2022-02-10,1
2570,195,66,2022-09-06,1
2571,490,81,2021-09-28,4
2572,795,96,2022-10-13,3
2573,881,43,2022-05-26,2
2574,182,8,2021-10-13,2
2575,962,3,2022-03-30,4
2576,817,12,2021-11-13,4
2577,656,84,2022-08-13,2
2578,898,16,2021-10-24,2
2579,316,78,2021-12-04,1
2580,694,80,2021-11-03,3
2581,30,59,2022-03-04,2
2582,596,49,2021-12-17,4
2583,678,63,2022-05-26,1
2584,796,62,2022-06-09,1
2585,793,49,2022-05-07,4
2586,96,51,2022-08-17,4
2587,381,33,2021-01-09,1
2588,778,30,2022-05-12,4
2589,444,59,2022-12-26,1
2590,298,76,2022-07-14,4
2591,808,15,2022-07-15,1
2592,737,82,2022-03-16,2
2593,845,92,2022-07-06,2
2594,361,23,2021-04-18,4
2595,374,78,2021-09-02,3
2596,554,94,2021-09-12,2
2597,303,97,2021-02-02,1
2598,421,45,2021-01-23,3
2599,246,62,2022-07-20,1
2600,720,79,2021-02-18,1
2601,237,71,2022-04-07,2
2602,534,15,2022-08-13,4
2603,185,46,2021-12-02,4
2604,468,64,2021-12-24,1
2605,754,46,2021-05-02,2
2606,363,56,2022-03-20,1
2607,283,44,2021-12-25,3
2608,553,75,2022-08-25,1
2609,336,29,2021-12-12,2
2610,162,95,2021-07-12,1
2611,160,62,2022-02-20,2
2612,474,89,2022-01-12,4
2613,601,52,2022-04-08,2
2614,322,54,2022-10-23,3
2615,12,88,2021-05-26,2
2616,424,57,2022-04-23,3
2617,73,83,2022-10-15,3
2618,588,66,2022-02-12,1
2619,858,22,2021-10-13,3
2620,201,20,2021-04-21,2
2621,522,33,2022-09-12,4
2622,864,72,2021-02-19,2
2623,505,25,2021-01-14,4
2624,738,46,2021-05-14,3
2625,688,73,2022-08-11,1
2626,788,98,2022-08-19,3
2627,39,57,2021-12-09,3
2628,60,87,2022-11-01,4
2629,578,5,2021-10-13,2
2630,321,55,2021-11-10,1
2631,435,61,2022-08-29,1
2632,636,89,2021-10-24,1
2633,676,8,2022-08-29,1
2634,408,16,2022-07-23,2
2635,923,48,2021-06-13,1
2636,386,61,2022-05-12,4
2637,671,15,2022-09-02,4
2638,569,65,2021-01-16,1
2639,78,22,2021-12-10,1
2640,194,3,2021-03-19,2
2641,285,54,2021-12-12,2
2642,527,14,2021-03-13,1
2643,524,36,2021-09-27,2
2644,613,82,2021-10-14,3
2645,156,82,2021-03-07,1
2646,340,67,2021-03-09,2
2647,125,10,2021-07-12,4
2648,871,49,2021-02-24,1
2649,280,65,2022-01-14,1
2650,917,91,2021-06-17,4
2651,906,57,2022-02-13,4
2652,622,27,2022-05-23,2
2653,846,75,2022-06-21,4
2654,869,5,2022-10-05,3
2655,658,71,2021-04-12,1
2656,728,83,2022-02-26,3
2657,910,57,2022-04-23,2
2658,674,93,2021-04-30,4
2659,128,15,2021-10-18,1
2660,314,99,2022-05-03,4
2661,332,76,2021-06-10,4
2662,150,30,2022-11-04,2
2663,454,20,2021-03-19,2
2664,36,37,2021-02-07,2
2665,685,3,2022-01-29,2
2666,420,73,2022-03-17,1
2667,22,41,2022-06-24,3
2668,206,39,2022-04-07,3
2669,639,26,2022-09-04,1
2670,848,2,2021-10-21,4
2671,957,23,2022-02-04,1
2672,356,23,2022-09-28,3
2673,440,85,2021-04-02,3
2674,729,16,2022-09-01,1
2675,96,9,2021-01-06,2
2676,929,13,2022-11-12,4
2677,941,28,2021-09-28,1
2678,164,27,2022-09-12,3
2679,148,51,2022-07-13,2
2680,530,64,2021-04-09,4
2681,294,52,2022-06-10,3
2682,195,81,2021-07-13,4
2683,663,38,2021-06-06,2
2684,480,100,2022-10-28,3
2685,877,65,2021-04-25,2
2686,123,18,2022-01-31,1
2687,400,63,2022-10-19,1
2688,699,51,2022-06-06,4
2689,965,9,2021-08-02,2
2690,452,13,2022-11-14,2
2691,661,40,2022-06-17,4
2692,104,55,2021-01-15,4
2693,755,79,2022-02-23,4
2694,462,43,2022-01-03,1
2695,743,44,2022-09-30,4
2696,991,68,2021-08-01,1
2697,718,33,2022-12-01,4
2698,710,24,2022-11-15,2
2699,396,36,2021-01-05,2
2700,912,10,2021-08-19,4
2701,337,100,2021-07-20,4
2702,599,20,2022-02-06,1
2703,142,75,2021-05-29,3
2704,317,12,2022-08-07,1
2705,711,62,2022-05-07,2
2706,558,18,2021-08-14,4
2707,800,94,2022-08-09,2
2708,527,63,2021-06-18,3
2709,556,84,2021-06-01,1
2710,401,25,2021-08-12,2
2711,681,12,2022-05-19,1
2712,310,21,2022-07-04,4
2713,495,25,2021-02-13,2
2714,556,11,2022-11-28,3
2715,610,64,2022-05-19,1
2716,773,73,2021-08-29,1
2717,109,50,2021-12-17,3
2718,795,62,2022-12-23,2
2719,372,89,2021-01-23,2
2720,855,99,2022-09-28,1
2721,616,96,2022-08-21,3
2722,768,49,2021-02-12,1
2723,891,14,2022-04-11,1
2724,206,1,2021-02-09,4
2725,847,81,2021-10-30,2
2726,43,25,2022-11-12,2
2727,865,59,2021-06-24,4
2728,245,72,2022-06-16,2
2729,287,69,2022-04-06,2
2730,355,5,2022-09-13,2
2731,785,99,2021-07-12,3
2732,476,19,2021-09-01,4
2733,83,23,2021-10-07,1
2734,110,9,2021-02-05,3
2735,950,94,2022-07-11,1
2736,190,50,2022-06-24,4
2737,983,16,2021-06-03,4
2738,800,33,2021-01-23,4
2739,936,2,2022-12-20,2
2740,909,14,2021-04-01,3
2741,251,1,2022-01-25,4
2742,724,90,2021-12-25,1
2743,291,58,2022-07-04,2
2744,645,89,2021-08-16,2
2745,201,16,2021-07-21,3
2746,797,79,2021-12-16,3
2747,326,90,2021-02-07,3
2748,511,47,2022-05-15,2
2749,409,44,2022-11-30,4
2750,607,80,2021-02-12,1
2751,790,14,2022-09-18,4
2752,962,93,2022-06-01,1
2753,941,24,2021-03-09,4
2754,837,55,2021-05-03,3
2755,508,15,2022-11-16,1
2756,731,83,2021-12-02,2
2757,601,72,2021-06-02,1
2758,72,34,2022-10-31,2
2759,247,2,2021-06-11,4
2760,641,27,2021-08-02,3
2761,724,74,2022-01-11,1
2762,940,99,2022-03-19,2
2763,855,87,2022-02-27,4
2764,608,72,2022-06-22,3
2765,587,92,2022-12-02,3
2766,935,23,2022-09-26,3
2767,566,68,2021-08-18,4
2768,344,14,2021-02-28,4
2769,971,63,2021-04-06,4
2770,925,93,2021-09-19,3
2771,54,65,2021-12-20,1
2772,730,68,2021-11-08,2
2773,528,63,2021-05-16,4
2774,611,96,2022-04-18,1
2775,532,97,2022-09-24,2
2776,558,90,2022-03-06,3
2777,963,81,2022-06-21,1
2778,193,87,2021-05-26,3
2779,895,64,2022-06-08,2
2780,58,32,2021-03-28,4
2781,437,79,2021-04-19,3
2782,111,13,2022-02-27,1
2783,129,66,2021-12-11,4
2784,849,19,2021-09-23,1
2785,706,24,2022-08-09,2
2786,925,88,2022-05-09,2
2787,852,11,2021-11-29,4
2788,326,59,2022-02-17,1
2789,8,86,2022-09-06,1
2790,29,15,2022-10-11,1
2791,112,10,2021-07-10,1
2792,947,41,2021-05-22,2
2793,673,27,2021-03-14,1
2794,131,60,2021-06-16,2
2795,188,73,2021-06-17,1
2796,675,52,2022-07-20,1
2797,709,28,2021-09-16,3
2798,475,65,2022-03-15,3
2799,364,17,2021-04-21,1
2800,204,95,2022-11-04,2
2801,212,44,2022-06-15,1
2802,621,10,2021-10-17,3
2803,276,63,2022-07-16,1
2804,73,93,2022-05-25,3
2805,679,82,2021-06-24,1
2806,772,47,2021-10-29,4
2807,243,38,2022-11-27,1
2808,787,70,2021-07-04,2
2809,102,76,2021-12-05,3
2810,987,53,2022-05-25,4
2811,685,78,2021-11-06,3
2812,171,44,2022-05-22,3
2813,653,74,2021-12-12,2
2814,909,54,2021-03-22,1
2815,188,20,2022-01-09,2
2816,441,79,2021-06-05,1
2817,86,31,2022-03-08,4
2818,476,7,2022-05-15,2
2819,52,58,2021-05-27,2
2820,111,10,2022-04-26,3
2821,949,10,2022-03-11,2
2822,877,39,2022-06-03,1
2823,854,28,2022-10-31,2
2824,43,30,2022-11-14,2
2825,211,37,2021-03-10,4
2826,968,67,2022-08-29,1
2827,200,43,2021-07-05,3
2828,810,79,2022-11-13,1
2829,858,85,2021-07-23,4
2830,752,52,2022-07-08,1
2831,627,56,2021-01-13,1
2832,26,76,2022-10-28,2
2833,919,68,2021-10-01,2
2834,299,9,2021-10-25,1
2835,77,92,2021-02-20,1
2836,924,23,2022-05-15,3
2837,137,63,2022-01-04,4
2838,20,61,2022-12-25,2
2839,440,40,2022-10-18,2
2840,211,44,2021-12-23,2
2841,752,86,2021-01-03,2
2842,551,24,2021-09-11,1
2843,435,51,2022-04-20,1
2844,780,58,2022-05-21,3
2845,207,90,2021-09-13,2
2846,991,94,2022-09-02,2
2847,439,33,2022-11-16,1
2848,974,16,2021-05-30,3
2849,779,22,2022-05-03,1
2850,666,57,2021-10-06,2
2851,42,62,2021-02-28,2
2852,411,82,2022-03-22,4
2853,523,71,2021-04-23,4
2854,806,90,2022-07-23,4
2855,610,72,2022-05-04,3
2856,427,70,2022-02-11,1
2857,275,30,2022-01-02,2
2858,448,23,2021-03-01,2
2859,902,32,2021-11-25,3
2860,942,86,2022-12-29,2
2861,884,57,2022-04-14,2
2862,742,9,2022-07-21,1
2863,369,31,2022-12-21,4
2864,938,71,2021-03-04,4
2865,220,9,2021-07-03,3
2866,577,13,2021-11-07,4
2867,867,58,2022-06-22,4
2868,232,3,2021-06-26,3
2869,328,35,2022-07-29,3
2870,443,97,2022-03-05,4
2871,52,21,2021-03-14,1
2872,886,64,2021-06-16,3
2873,943,95,2021-08-13,2
2874,376,52,2022-07-31,3
2875,263,34,2022-08-04,2
2876,267,96,2021-01-09,3
2877,359,35,2021-08-24,3
2878,317,15,2022-12-11,4
2879,324,96,2022-11-16,4
2880,921,6,2021-01-28,4
2881,908,85,2022-10-08,1
2882,666,97,2021-01-27,4
2883,870,32,2022-07-04,4
2884,878,52,2021-07-15,3
2885,652,83,2021-07-22,3
2886,939,97,2021-03-26,1
2887,563,28,2021-01-30,2
2888,629,95,2022-04-11,3
2889,421,85,2021-04-09,3
2890,46,98,2021-07-09,2
2891,821,64,2021-01-12,1
2892,600,79,2022-08-26,3
2893,720,78,2021-01-30,4
2894,889,19,2022-12-26,1
2895,269,15,2021-02-07,2
2896,601,6,2022-07-26,2
2897,381,73,2021-10-21,4
2898,118,84,2021-12-26,4
2899,566,98,2022-10-17,4
2900,953,38,2021-06-29,1
2901,116,26,2021-04-22,2
2902,630,82,2022-03-20,4
2903,260,92,2021-01-21,4
2904,75,51,2021-05-25,2
2905,480,73,2022-05-14,3
2906,305,96,2021-05-26,1
2907,7,53,2022-03-17,3
2908,366,56,2022-02-25,4
2909,634,59,2021-11-12,1
2910,523,70,2021-06-15,3
2911,348,78,2022-10-14,2
2912,438,92,2021-07-22,4
2913,215,58,2022-05-11,1
2914,429,88,2022-09-17,1
2915,791,13,2022-04-13,1
2916,498,43,2022-12-14,1
2917,540,76,2022-01-20,4
2918,747,51,2021-11-10,4
2919,367,19,2021-09-12,2
2920,313,21,2021-01-23,2
2921,538,91,2021-12-05,2
2922,921,83,2022-05-08,3
2923,54,24,2022-05-26,2
2924,541,26,2022-01-01,4
2925,467,45,2022-01-07,3
2926,865,28,2022-08-22,4
2927,164,82,2021-08-07,3
2928,782,100,2022-04-20,2
2929,334,29,2022-02-27,2
2930,547,17,2021-12-22,2
2931,798,68,2022-04-05,3
2932,348,44,2022-05-18,4
2933,273,61,2021-01-27,1
2934,963,93,2021-08-11,4
2935,720,68,2022-11-21,2
2936,750,74,2021-05-28,3
2937,414,25,2022-02-28,3
2938,500,95,2021-12-17,2
2939,93,67,2021-07-05,3
2940,685,2,2022-02-19,2
2941,79,89,2022-03-05,4
2942,622,49,2021-02-10,3
2943,217,70,2022-01-28,1
2944,947,26,2022-12-04,3
2945,358,72,2021-03-20,2
2946,618,99,2022-12-18,1
2947,507,27,2022-06-28,2
2948,559,89,2022-03-26,3
2949,181,18,2022-04-19,1
2950,576,54,2021-05-22,1
2951,246,1,2021-09-08,3
2952,244,61,2021-10-21,1
2953,506,3,2022-09-02,4
2954,422,68,2021-05-16,1
2955,320,41,2022-04-29,1
2956,87,37,2021-11-08,4
2957,217,51,2022-07-09,2
2958,490,15,2022-09-24,2
2959,519,8,2021-02-15,4
2960,278,38,2021-08-24,1
2961,849,83,2021-02-17,3
2962,722,56,2021-07-17,4
2963,169,47,2021-03-25,3
2964,330,90,2022-06-27,2
2965,650,10,2021-06-10,4
2966,441,78,2022-03-04,3
2967,391,49,2021-03-12,1
2968,496,41,2022-06-04,4
2969,381,83,2021-02-21,3
2970,306,30,2021-02-14,4
2971,742,5,2021-10-20,4
2972,987,95,2022-04-10,2
2973,820,71,2022-07-04,2
2974,673,83,2022-01-15,1
2975,513,31,2022-04-23,2
2976,748,52,2021-09-19,2
2977,949,88,2022-08-03,2
2978,188,98,2021-06-28,3
2979,930,23,2021-12-23,4
2980,516,48,2022-02-23,2
2981,913,40,2022-11-29,3
2982,644,6,2021-07-20,4
2983,427,38,2021-01-13,2
2984,502,41,2022-03-19,2
2985,730,100,2022-12-27,4
2986,260,27,2021-10-13,3
2987,513,75,2021-09-15,3
2988,71,69,2022-07-24,1
2989,478,57,2022-07-02,4
2990,178,17,2022-05-05,1
2991,457,71,2022-05-13,3
2992,189,91,2022-12-06,2
2993,291,47,2021-11-29,1
2994,520,79,2022-07-16,3
2995,765,13,2021-02-01,3
2996,920,11,2022-09-02,2
2997,979,90,2021-02-12,4
2998,292,86,2021-12-17,3
2999,946,92,2021-11-30,1
3000,756,24,2022-07-13,2
3001,635,93,2021-09-27,4
3002,811,73,2022-02-17,4
3003,283,4,2022-07-29,4
3004,544,46,2021-01-19,3
3005,846,18,2021-12-13,4
3006,377,43,2022-09-05,3
3007,658,80,2021-02-06,2
3008,156,33,2022-09-11,2
3009,508,93,2021-04-02,4
3010,413,10,2021-07-04,2
3011,528,73,2022-12-29,1
3012,355,59,2021-01-28,1
3013,559,31,2022-07-02,3
3014,763,28,2022-01-07,4
3015,187,60,2022-06-14,3
3016,31,3,2021-12-11,2
3017,260,55,2022-02-23,4
3018,421,14,2021-07-15,3
3019,529,58,2021-03-19,4
3020,551,89,2021-06-16,4
3021,304,15,2021-03-31,3
3022,942,2,2021-09-21,4
3023,986,24,2022-04-17,2
3024,944,78,2021-07-27,1
3025,39,64,2022-12-25,1
3026,489,71,2021-09-28,4
3027,644,100,2021-09-20,1
3028,542,24,2022-05-21,4
3029,670,27,2022-05-27,3
3030,278,37,2022-12-27,2
3031,203,94,2022-07-30,1
3032,66,91,2022-06-08,3
3033,108,39,2022-12-23,2
3034,268,63,2021-11-08,1
3035,222,79,2021-06-23,1
3036,804,26,2022-03-07,2
3037,530,65,2022-04-08,3
3038,90,4,2021-04-11,3
3039,693,29,2021-01-16,1
3040,255,1,2022-12-10,2
3041,455,50,2021-09-15,3
3042,253,86,2021-09-01,2
3043,257,11,2021-12-14,2
3044,383,74,2021-09-06,1
3045,442,59,2021-04-15,2
3046,858,62,2022-11-25,2
3047,599,81,2022-10-29,4
3048,90,36,2021-10-14,2
3049,749,56,2021-06-18,3
3050,390,90,2022-02-24,1
3051,582,21,2021-02-16,1
3052,44,13,2021-02-12,2
3053,712,9,2021-11-17,2
3054,664,11,2021-08-09,3
3055,598,75,2022-05-28,4
3056,19,70,2022-12-13,1
3057,101,1,2022-03-17,4
3058,914,70,2021-05-24,3
3059,607,77,2021-01-28,1
3060,766,86,2022-07-07,3
3061,357,56,2022-10-21,2
3062,542,31,2022-11-21,3
3063,761,86,2021-06-16,2
3064,938,37,2022-09-27,4
3065,33,47,2022-08-09,1
3066,970,91,2021-09-06,1
3067,229,78,2021-12-23,4
3068,524,47,2021-04-21,2
3069,630,69,2022-11-23,1
3070,862,58,2022-12-01,3
3071,155,36,2022-12-20,2
3072,423,32,2021-08-22,1
3073,905,98,2021-01-24,3
3074,246,64,2021-01-26,3
3075,405,71,2022-01-16,1
3076,844,42,2022-12-31,4
3077,759,48,2021-12-12,4
3078,541,74,2022-01-13,1
3079,161,81,2022-06-06,3
3080,747,30,2021-01-17,4
3081,702,21,2021-09-02,4
3082,117,60,2022-12-19,4
3083,271,13,2022-09-16,2
3084,770,1,2022-12-18,4
3085,692,65,2022-06-23,1
3086,487,33,2022-08-06,1
3087,885,38,2022-11-19,2
3088,172,25,2021-07-21,2
3089,950,26,2021-09-05,1
3090,274,77,2021-04-28,2
3091,259,59,2021-01-09,4
3092,135,92,2022-08-21,3
3093,683,33,2021-01-23,3
3094,722,41,2021-08-28,3
3095,748,30,2022-08-08,1
3096,422,57,2021-01-27,2
3097,421,49,2021-03-22,3
3098,186,48,2022-08-19,4
3099,929,72,2021-07-18,4
3100,364,49,2022-07-09,4
3101,955,47,2021-04-02,2
3102,607,56,2021-03-25,3
3103,378,65,2021-10-27,4
3104,523,12,2021-10-23,2
3105,580,69,2022-10-09,4
3106,891,88,2022-03-30,3
3107,722,6,2021-10-08,3
3108,196,89,2021-02-28,3
3109,881,65,2021-12-08,3
3110,98,25,2022-04-10,3
3111,605,1,2021-12-08,4
3112,984,32,2022-09-02,3
3113,22,3,2021-03-03,4
3114,450,49,2022-09-17,3
3115,172,19,2022-03-05,4
3116,383,60,2022-10-20,3
3117,134,29,2022-12-29,4
3118,426,50,2021-09-13,3
3119,25,2,2022-12-07,2
3120,503,73,2021-12-13,4
3121,185,56,2022-06-10,2
3122,85,17,2021-10-31,4
3123,567,60,2022-09-07,4
3124,763,36,2021-09-02,4
3125,144,61,2022-02-16,1
3126,863,17,2021-08-05,3
3127,910,49,2022-05-31,2
3128,679,76,2022-04-19,2
3129,412,60,2021-02-05,4
3130,224,20,2021-06-27,2
3131,220,50,2022-01-22,2
3132,179,3,2021-01-17,2
3133,631,43,2022-12-12,2
3134,433,57,2021-02-17,1
3135,265,50,2021-03-03,4
3136,954,68,2021-03-10,2
3137,429,81,2022-10-21,1
3138,662,50,2022-01-01,1
3139,416,37,2021-06-11,4
3140,453,46,2022-05-03,3
3141,727,42,2022-03-07,3
3142,197,15,2022-05-04,3
3143,554,33,2021-08-18,2
3144,53,80,2022-01-05,4
3145,480,11,2021-06-27,3
3146,443,20,2022-02-14,2
3147,330,24,2022-07-22,4
3148,251,64,2022-08-13,2
3149,807,80,2021-09-27,3
3150,890,94,2021-07-25,3
3151,783,98,2021-03-23,1
3152,967,65,2021-07-12,1
3153,925,88,2022-09-10,4
3154,123,88,2021-07-08,2
3155,879,73,2021-10-03,2
3156,387,86,2021-03-15,3
3157,339,76,2021-01-10,3
3158,778,17,2022-09-27,4
3159,348,89,2021-08-04,1
3160,29,92,2021-10-17,3
3161,975,61,2022-03-21,2
3162,35,15,2022-07-06,3
3163,518,94,2021-07-12,1
3164,396,51,2022-10-01,2
3165,623,27,2021-10-16,1
3166,294,86,2022-08-06,4
3167,589,74,2022-10-11,4
3168,349,61,2021-05-24,1
3169,147,58,2022-01-24,2
3170,67,31,2022-02-11,1
3171,904,91,2022-01-05,3
3172,520,12,2022-03-17,3
3173,122,46,2022-10-13,1
3174,340,31,2022-07-18,3
3175,175,32,2022-06-13,1
3176,900,32,2022-11-08,3
3177,691,99,2021-01-13,1
3178,597,53,2022-12-03,3
3179,451,61,2021-12-06,2
3180,557,46,2021-11-08,2
3181,136,85,2021-04-14,3
3182,855,74,2021-12-05,1
3183,16,80,2021-07-17,3
3184,333,7,2021-10-27,4
3185,195,4,2022-03-20,4
3186,496,91,2021-12-25,1
3187,9,52,2022-01-03,3
3188,828,89,2021-06-18,3
3189,334,31,2021-05-29,2
3190,333,75,2021-02-11,1
3191,327,84,2021-07-21,4
3192,15,36,2021-09-01,4
3193,839,54,2022-10-31,1
3194,614,54,2022-04-09,4
3195,226,17,2022-03-25,1
3196,425,75,2022-03-13,4
3197,790,30,2022-06-15,4
3198,408,99,2022-07-19,1
3199,113,22,2022-08-20,1
3200,997,43,2021-09-30,4
3201,428,27,2022-03-06,4
3202,1,37,2021-08-01,2
3203,266,46,2021-04-14,3
3204,491,35,2021-07-11,1
3205,208,4,2022-11-20,1
3206,622,80,2022-10-21,3
3207,712,80,2022-01-15,2
3208,952,85,2021-03-22,4
3209,369,26,2022-12-06,4
3210,985,100,2022-07-03,2
3211,306,19,2022-01-12,2
3212,12,81,2021-06-03,3
3213,345,45,2022-10-04,3
3214,465,26,2022-07-25,4
3215,700,22,2021-08-28,2
3216,666,58,2022-01-09,2
3217,494,63,2021-07-23,4
3218,368,28,2022-09-03,4
3219,846,65,2021-12-16,4
3220,937,44,2022-11-19,4
3221,420,100,2021-05-23,4
3222,889,43,2021-07-08,3
3223,791,37,2021-09-29,4
3224,171,66,2022-06-16,2
3225,134,17,2021-10-27,1
3226,965,40,2022-03-02,3
3227,427,38,2021-02-15,2
3228,25,85,2021-04-05,1
3229,530,61,2021-03-05,3
3230,190,9,2022-02-17,4
3231,141,77,2022-10-05,3
3232,555,75,2021-01-09,4
3233,846,61,2022-04-04,4
3234,796,80,2022-12-16,4
3235,658,16,2022-02-13,1
3236,315,2,2022-04-15,3
3237,444,72,2022-05-21,4
3238,319,43,2022-11-17,2
3239,441,42,2021-03-14,3
3240,92,77,2021-03-25,2
3241,179,57,2021-02-28,1
3242,56,81,2021-01-21,1
3243,155,88,2022-04-03,3
3244,672,67,2021-06-06,1
3245,111,30,2021-11-25,1
3246,137,13,2022-07-27,3
3247,232,19,2022-07-30,2
3248,992,7,2022-11-11,4
3249,468,9,2021-07-22,3
3250,732,83,2022-10-03,3
3251,481,54,2021-04-16,4
3252,68,86,2021-05-02,2
3253,814,82,2021-11-14,4
3254,249,61,2021-07-01,4
3255,994,87,2022-09-07,2
3256,323,2,2021-11-12,2
3257,922,50,2022-09-17,4
3258,904,75,2022-02-10,4
3259,518,31,2021-03-11,3
3260,976,33,2021-06-09,2
3261,792,78,2021-08-28,1
3262,432,80,2022-06-07,2
3263,487,11,2021-05-18,4
3264,606,33,2022-05-10,4
3265,429,7,2022-11-10,4
3266,269,31,2021-09-04,4
3267,709,48,2022-06-27,1
3268,537,47,2022-06-08,2
3269,148,78,2021-08-31,1
3270,118,92,2022-09-12,1
3271,850,53,2021-12-02,4
3272,367,80,2022-02-26,1
3273,850,19,2021-07-13,4
3274,66,81,2021-11-04,4
3275,970,90,2022-10-07,4
3276,813,6,2022-05-21,1
3277,370,49,2021-10-08,4
3278,175,73,2022-11-06,1
3279,831,50,2022-03-15,2
3280,588,81,2022-12-16,4
3281,495,95,2022-08-31,3
3282,973,12,2022-04-28,3
3283,114,23,2021-08-11,3
3284,111,54,2021-04-27,3
3285,761,69,2021-07-11,3
3286,439,100,2022-09-10,1
3287,715,59,2022-05-31,2
3288,147,36,2022-06-14,1
3289,35,3,2021-11-03,4
3290,999,58,2022-06-16,2
3291,309,88,2021-05-02,2
3292,538,55,2022-10-11,2
3293,750,57,2022-08-15,2
3294,14,17,2021-06-03,3
3295,374,39,2022-06-21,4
3296,557,90,2022-03-28,2
3297,428,68,2021-06-18,2
3298,728,55,2021-02-28,3
3299,233,45,2021-10-28,1
3300,705,76,2022-07-07,1
3301,563,1,2022-07-04,1
3302,939,21,2021-04-27,4
3303,887,83,2021-05-07,1
3304,726,21,2022-02-09,2
3305,663,52,2022-02-03,3
3306,440,82,2022-05-30,3
3307,502,43,2022-05-13,1
3308,275,52,2022-06-12,3
3309,850,67,2022-02-02,2
3310,76,44,2021-09-22,1
3311,439,32,2021-09-20,2
3312,732,10,2022-02-02,4
3313,860,64,2022-10-08,2
3314,956,79,2022-12-26,2
3315,699,69,2022-06-11,2
3316,289,68,2022-03-12,2
3317,915,28,2021-12-26,4
3318,540,53,2021-05-09,1
3319,891,51,2022-09-26,2
3320,692,53,2021-08-29,1
3321,253,4,2022-09-19,3
3322,126,79,2022-12-10,2
3323,177,17,2021-08-10,2
3324,37,67,2021-08-02,3
3325,410,74,2022-08-15,1
3326,611,47,2021-05-15,4
3327,610,56,2022-01-21,2
3328,127,23,2021-10-30,3
3329,483,18,2021-10-14,3
3330,168,1,2022-07-16,2
3331,592,35,2021-07-08,1
3332,294,64,2021-10-24,1
3333,845,58,2022-06-10,2
3334,638,95,2022-01-24,3
3335,343,59,2022-04-04,2
3336,310,1,2021-09-18,4
3337,662,3,2022-12-05,4
3338,528,67,2022-12-16,1
3339,540,37,2021-04-23,4
3340,419,83,2021-02-05,3
3341,444,29,2021-03-20,4
3342,685,89,2021-10-02,2
3343,558,33,2021-10-05,3
3344,840,100,2022-11-05,1
3345,236,61,2021-11-08,1
3346,439,93,2022-06-13,4
3347,214,90,2021-07-23,1
3348,85,4,2021-01-17,2
3349,794,14,2022-12-15,3
3350,744,91,2022-04-21,2
3351,85,33,2022-05-26,2
3352,921,22,2021-07-29,2
3353,489,48,2022-05-14,2
3354,65,3,2022-02-06,3
3355,646,87,2022-03-05,3
3356,663,85,2021-03-19,2
3357,627,23,2022-07-22,2
3358,64,68,2021-03-21,1
3359,343,21,2021-11-02,1
3360,939,43,2021-02-27,3
3361,875,95,2022-06-14,1
3362,919,85,2021-07-27,3
3363,352,26,2022-05-26,3
3364,158,41,2021-05-15,4
3365,589,99,2022-06-06,3
3366,491,38,2022-08-04,1
3367,658,88,2021-03-24,4
3368,855,11,2022-09-13,1
3369,463,29,2021-02-13,3
3370,225,60,2022-04-28,3
3371,917,67,2022-10-06,2
3372,313,65,2022-05-08,3
3373,615,61,2022-05-14,4
3374,919,19,2021-01-18,3
3375,859,46,2022-08-28,2
3376,813,49,2021-10-21,3
3377,940,22,2021-05-28,3
3378,466,78,2022-04-17,3
3379,88,57,2021-06-21,2
3380,883,14,2022-07-17,1
3381,303,44,2022-06-15,3
3382,680,16,2021-04-30,4
3383,435,97,2021-03-07,2
3384,682,77,2021-05-21,4
3385,135,12,2022-03-22,3
3386,50,55,2022-05-21,2
3387,432,51,2021-07-08,3
3388,340,39,2021-06-07,4
3389,347,33,2022-09-02,2
3390,646,33,2022-11-01,1
3391,347,29,2021-09-03,1
3392,649,69,2021-02-02,1
3393,245,70,2021-12-27,3
3394,109,31,2021-11-26,2
3395,825,80,2022-05-27,4
3396,799,31,2021-03-12,4
3397,533,89,2021-11-09,3
3398,90,46,2022-12-29,3
3399,296,97,2021-03-20,4
3400,112,77,2021-06-18,2
3401,813,52,2021-06-29,3
3402,589,10,2022-09-20,2
3403,177,88,2021-09-17,4
3404,343,74,2022-05-01,2
3405,660,41,2021-01-05,1
3406,101,95,2021-10-24,4
3407,758,77,2022-09-12,1
3408,629,3,2021-12-26,4
3409,604,59,2021-04-27,1
3410,401,52,2021-12-23,2
3411,28,34,2022-03-15,4
3412,937,49,2021-11-27,4
3413,962,28,2022-06-09,1
3414,537,83,2022-10-16,2
3415,58,87,2021-07-07,4
3416,498,96,2021-10-08,3
3417,297,13,2022-05-26,1
3418,134,97,2022-04-11,4
3419,331,98,2021-04-25,2
3420,249,97,2021-08-24,2
3421,550,69,2021-12-04,2
3422,902,67,2022-06-06,2
3423,941,61,2021-07-18,1
3424,75,60,2021-02-19,4
3425,654,71,2021-05-22,1
3426,834,24,2022-06-12,1
3427,168,63,2022-05-29,2
3428,771,86,2022-11-01,3
3429,503,61,2021-01-30,2
3430,885,23,2021-03-23,3
3431,355,30,2021-01-31,1
3432,225,60,2021-11-29,2
3433,664,18,2022-10-22,2
3434,531,96,2021-06-26,1
3435,146,56,2022-01-05,2
3436,960,53,2022-07-01,4
3437,241,7,2022-06-19,3
3438,884,97,2021-04-16,3
3439,893,69,2021-04-07,3
3440,344,92,2021-08-18,2
3441,749,72,2021-08-15,4
3442,35,79,2022-01-06,2
3443,702,52,2021-04-10,3
3444,1,4,2022-03-21,2
3445,996,34,2022-04-13,3
3446,153,69,2021-02-24,1
3447,429,33,2021-07-14,3
3448,945,69,2022-06-04,1
3449,508,38,2022-02-28,1
3450,126,98,2021-11-11,1
3451,491,26,2021-05-08,3
3452,482,1,2021-02-01,4
3453,345,4,2021-04-03,3
3454,912,39,2022-06-03,2
3455,738,54,2021-09-15,2
3456,221,90,2021-08-08,4
3457,915,33,2021-04-16,4
3458,919,33,2022-07-02,4
3459,723,72,2022-02-20,1
3460,25,20,2022-07-11,4
3461,528,16,2021-11-05,4
3462,182,21,2022-01-01,4
3463,499,45,2022-06-05,3
3464,841,90,2022-04-04,2
3465,641,87,2022-08-22,2
3466,42,82,2022-01-05,4
3467,915,62,2021-11-27,2
3468,481,31,2022-11-20,3
3469,930,42,2022-10-04,2
3470,848,12,2022-12-08,1
3471,748,65,2021-01-11,3
3472,872,73,2022-05-22,2
3473,439,3,2022-02-23,2
3474,402,90,2021-05-02,3
3475,546,9,2021-08-23,2
3476,345,51,2021-11-27,2
3477,893,16,2022-06-27,4
3478,45,88,2021-12-14,1
3479,646,78,2022-02-16,3
3480,21,3,2021-08-12,4
3481,634,98,2021-06-02,2
3482,70,97,2021-07-31,3
3483,864,24,2021-04-02,3
3484,873,73,2021-11-27,1
3485,48,13,2022-04-12,1
3486,491,2,2022-10-03,3
3487,551,71,2022-12-10,1
3488,287,21,2022-07-08,1
3489,10,19,2021-08-16,2
3490,542,89,2021-07-13,1
3491,756,47,2022-06-14,1
3492,274,22,2021-08-31,4
3493,956,75,2022-01-24,2
3494,600,33,2021-10-03,2
3495,756,32,2022-03-26,3
3496,381,64,2022-10-01,1
3497,329,85,2022-08-10,4
3498,479,39,2022-07-28,4
3499,15,84,2022-04-23,2
3500,516,72,2022-04-25,1
3501,191,42,2021-10-15,4
3502,168,9,2022-11-29,3
3503,521,25,2022-11-21,1
3504,621,89,2022-11-09,1
3505,137,97,2022-11-26,1
3506,154,2,2022-06-24,4
3507,388,19,2021-11-26,2
3508,209,20,2022-04-15,2
3509,272,93,2022-06-18,3
3510,143,70,2022-04-12,4
3511,611,17,2022-02-24,1
3512,889,89,2022-08-31,3
3513,820,68,2021-05-02,3
3514,69,94,2021-11-04,2
3515,247,84,2021-11-30,1
3516,261,3,2022-02-24,1
3517,788,87,2021-11-22,4
3518,79,51,2022-10-11,4
3519,658,82,2022-07-27,4
3520,623,26,2021-09-07,3
3521,770,56,2021-04-05,1
3522,605,100,2021-10-23,2
3523,525,64,2021-07-03,3
3524,772,8,2021-09-17,3
3525,938,81,2022-10-29,2
3526,621,95,2021-07-05,2
3527,330,37,2022-02-13,4
3528,189,97,2021-03-10,2
3529,95,27,2022-09-19,2
3530,617,45,2021-01-08,2
3531,8,4,2021-09-22,2
3532,67,86,2022-04-29,4
3533,496,90,2022-09-09,3
3534,191,96,2022-01-06,1
3535,366,88,2022-11-08,1
3536,768,99,2021-03-24,3
3537,521,37,2022-10-08,1
3538,990,96,2021-07-30,1
3539,117,71,2021-11-09,3
3540,267,33,2022-08-27,1
3541,611,31,2021-12-03,1
3542,485,55,2022-05-05,3
3543,509,12,2022-02-07,1
3544,298,11,2022-10-01,2
3545,909,88,2021-07-10,3
3546,164,72,2022-11-02,4
3547,376,32,2021-12-01,1
3548,653,57,2022-06-06,4
3549,268,38,2022-09-11,1
3550,549,60,2021-03-28,2
3551,74,86,2022-08-02,3
3552,508,98,2021-03-03,4
3553,73,19,2022-01-22,3
3554,308,84,2021-05-26,4
3555,199,56,2021-06-02,1
3556,130,14,2022-09-11,2
3557,758,33,2022-10-22,4
3558,824,10,2022-11-29,4
3559,572,80,2021-12-15,2
3560,791,64,2021-06-27,2
3561,615,64,2022-05-02,2
3562,808,62,2022-10-23,2
3563,832,68,2021-09-04,2
3564,487,91,2021-09-11,3
3565,853,92,2022-05-15,1
3566,151,43,2022-06-25,1
3567,669,80,2021-12-18,4
3568,206,59,2022-05-27,2
3569,986,52,2021-01-13,3
3570,179,97,2022-07-13,3
3571,197,19,2021-05-31,4
3572,735,21,2021-02-19,2
3573,89,22,2021-08-03,1
3574,799,9,2022-10-06,2
3575,434,9,2022-01-07,3
3576,788,73,2021-04-23,2
3577,748,27,2021-09-09,1
3578,183,17,2021-12-07,1
3579,209,44,2021-02-22,4
3580,493,45,2021-05-10,3
3581,130,8,2021-07-12,2
3582,665,80,2022-08-14,2
3583,13,18,2021-02-26,4
3584,634,33,2021-04-07,4
3585,871,1,2021-07-17,4
3586,732,76,2022-10-09,3
3587,106,6,2021-05-27,2
3588,375,41,2022-11-15,4
3589,582,55,2022-07-29,3
3590,707,5,2022-07-31,2
3591,698,59,2021-10-22,1
3592,99,80,2022-12-24,4
3593,594,18,2022-09-13,3
3594,587,49,2022-11-15,2
3595,886,82,2021-01-12,2
3596,852,65,2021-11-29,4
3597,192,83,2021-08-08,4
3598,325,54,2022-02-02,2
3599,979,61,2021-12-08,3
3600,726,8,2022-05-27,1
3601,827,3,2021-06-21,2
3602,956,25,2022-04-13,3
3603,467,69,2021-06-15,4
3604,894,55,2022-11-30,2
3605,367,40,2021-06-19,4
3606,318,83,2022-07-18,1
3607,144,82,2022-05-27,4
3608,384,50,2021-07-08,1
3609,216,95,2021-04-30,4
3610,361,33,2021-04-15,4
3611,324,18,2022-11-05,1
3612,15,57,2021-02-10,4
3613,217,16,2022-11-08,3
3614,492,80,2021-11-17,4
3615,951,38,2021-12-01,2
3616,547,41,2021-06-09,4
3617,183,7,2021-09-21,3
3618,270,78,2022-06-14,2
3619,945,53,2022-11-16,3
3620,467,63,2022-04-22,2
3621,870,89,2021-12-18,4
3622,612,32,2022-06-29,3
3623,519,38,2021-07-29,4
3624,542,22,2022-05-11,2
3625,467,16,2022-01-17,3
3626,305,52,2022-11-07,1
3627,985,29,2022-04-26,3
3628,144,16,2021-01-05,4
3629,111,76,2021-02-03,1
3630,232,17,2021-05-25,1
3631,691,64,2021-12-17,2
3632,584,91,2022-08-06,1
3633,722,89,2022-04-10,1
3634,732,13,2021-12-14,2
3635,592,72,2021-05-05,3
3636,500,56,2021-09-28,4
3637,595,5,2021-12-23,3
3638,554,12,2022-06-11,1
3639,273,41,2022-05-13,4
3640,703,3,2021-06-02,3
3641,173,99,2021-02-22,4
3642,973,33,2021-05-29,1
3643,7,86,2022-05-18,3
3644,155,50,2022-03-26,4
3645,522,56,2021-08-07,4
3646,546,9,2022-09-17,3
3647,548,82,2021-10-04,3
3648,921,50,2022-03-28,1
3649,518,29,2022-03-04,2
3650,920,39,2021-03-24,4
3651,914,91,2021-08-06,3
3652,215,100,2022-06-11,3
3653,134,45,2022-02-08,3
3654,285,17,2021-10-17,4
3655,126,56,2022-02-24,1
3656,921,98,2021-12-05,2
3657,439,46,2022-12-12,4
3658,849,67,2022-11-01,1
3659,686,69,2022-02-23,4
3660,152,14,2021-07-26,4
3661,331,67,2022-11-17,3
3662,538,23,2022-11-27,1
3663,383,94,2021-09-22,3
3664,115,61,2021-02-05,3
3665,894,23,2022-01-08,1
3666,482,27,2022-05-03,3
3667,284,54,2021-09-16,3
3668,899,10,2022-06-15,2
3669,75,89,2021-01-23,1
3670,166,77,2021-04-14,1
3671,189,16,2021-08-29,3
3672,78,41,2022-12-17,3
3673,947,98,2021-09-10,1
3674,602,55,2021-05-22,1
3675,688,61,2022-10-17,4
3676,21,86,2022-03-27,1
3677,566,81,2021-11-03,4
3678,184,87,2022-05-15,3
3679,871,100,2022-09-14,2
3680,222,49,2021-01-08,2
3681,827,73,2021-03-10,4
3682,328,52,2022-12-03,3
3683,179,2,2022-11-22,3
3684,788,96,2022-07-29,3
3685,112,50,2021-03-09,1
3686,736,86,2022-12-19,3
3687,726,43,2022-02-12,1
3688,59,77,2022-06-02,4
3689,327,8,2021-04-29,2
3690,905,59,2021-01-31,4
3691,621,65,2022-06-02,3
3692,897,81,2022-04-28,3
3693,669,12,2021-07-26,4
3694,191,4,2022-10-31,1
3695,200,77,2022-08-02,1
3696,312,95,2022-01-22,1
3697,708,41,2022-02-16,2
3698,35,7,2022-01-05,2
3699,379,87,2021-12-19,3
3700,387,88,2021-12-02,4
3701,758,69,2021-10-16,4
3702,237,69,2021-05-20,3
3703,616,81,2021-10-27,1
3704,519,30,2021-01-13,2
3705,283,73,2022-10-26,4
3706,1,6,2022-03-04,3
3707,731,89,2022-02-04,1
3708,464,19,2021-04-19,1
3709,230,80,2022-04-30,2
3710,967,85,2021-12-22,2
3711,172,66,2021-05-29,3
3712,87,10,2022-12-17,3
3713,553,16,2021-11-03,1
3714,123,37,2022-06-17,1
3715,843,79,2021-03-01,4
3716,298,77,2022-03-11,1
3717,885,77,2021-01-21,3
3718,929,32,2022-01-17,2
3719,690,47,2021-09-02,3
3720,575,72,2021-03-14,4
3721,484,43,2022-03-25,4
3722,165,82,2021-03-17,2
3723,699,36,2022-11-29,3
3724,383,26,2022-08-13,4
3725,209,10,2022-01-25,3
3726,739,31,2022-07-31,4
3727,432,97,2021-12-08,2
3728,389,29,2021-10-17,4
3729,560,5,2022-07-22,3
3730,224,77,2021-11-27,3
3731,3,1,2021-09-16,4
3732,372,87,2022-03-02,1
3733,687,3,2022-12-03,2
3734,446,67,2021-01-06,2
3735,611,71,2021-01-06,4
3736,116,100,2021-07-10,4
3737,270,35,2021-05-28,1
3738,447,15,2022-02-09,2
3739,368,67,2021-09-15,1
3740,253,93,2022-12-31,2
3741,317,30,2022-04-24,4
3742,415,82,2021-03-31,2
3743,95,75,2021-01-10,2
3744,785,43,2021-03-28,2
3745,892,60,2021-05-31,1
3746,24,40,2022-09-17,1
3747,628,65,2021-01-30,2
3748,663,29,2021-05-08,3
3749,850,74,2021-03-19,1
3750,50,92,2022-02-25,4
3751,502,95,2021-02-24,4
3752,718,19,2022-04-25,2
3753,498,3,2021-11-01,4
3754,335,36,2022-06-30,1
3755,79,43,2021-04-15,3
3756,582,15,2021-06-21,3
3757,27,97,2022-05-14,3
3758,271,41,2021-01-22,4
3759,562,90,2021-10-14,2
3760,804,80,2022-01-26,4
3761,247,36,2022-09-09,2
3762,776,97,2021-05-29,3
3763,591,84,2021-09-29,1
3764,387,77,2021-10-26,4
3765,702,33,2021-06-21,1
3766,559,5,2021-02-16,3
3767,973,78,2022-09-18,2
3768,361,91,2021-07-26,1
3769,866,87,2022-03-29,4
3770,984,14,2022-01-30,1
3771,488,68,2021-10-28,1
3772,352,83,2022-12-09,4
3773,701,47,2022-11-07,2
3774,928,54,2021-06-25,4
3775,256,4,2021-04-20,3
3776,222,94,2022-11-15,2
3777,884,83,2021-07-21,1
3778,753,95,2021-06-17,4
3779,781,95,2022-09-06,3
3780,1,9,2021-03-27,4
3781,546,53,2022-10-16,2
3782,446,77,2022-12-26,3
3783,79,78,2021-02-20,1
3784,236,60,2021-04-22,2
3785,334,46,2022-04-08,3
3786,889,54,2022-03-18,2
3787,349,74,2021-09-28,1
3788,98,95,2022-07-31,3
3789,82,37,2021-12-10,4
3790,502,23,2021-07-02,4
3791,967,27,2022-05-18,1
3792,477,70,2021-01-10,3
3793,927,90,2022-05-09,1
3794,704,66,2021-08-22,1
3795,765,61,2021-10-25,2
3796,921,77,2021-09-01,4
3797,550,51,2022-05-24,1
3798,14,50,2021-12-17,2
3799,392,19,2021-09-24,1
3800,347,1,2022-09-22,1
3801,310,40,2022-10-18,1
3802,386,32,2021-07-20,4
3803,209,22,2021-08-27,3
3804,357,93,2021-11-30,4
3805,974,66,2022-02-19,2
3806,601,40,2022-04-29,3
3807,568,38,2022-03-13,2
3808,94,48,2021-09-03,1
3809,93,55,2021-01-08,3
3810,340,75,2021-06-01,2
3811,597,81,2022-01-27,1
3812,445,55,2021-07-30,2
3813,757,51,2022-01-02,2
3814,22,60,2022-11-01,4
3815,291,8,2022-07-24,1
3816,485,86,2021-03-27,4
3817,784,68,2021-02-24,3
3818,306,75,2022-12-14,1
3819,634,72,2022-09-26,4
3820,128,9,2022-03-22,4
3821,625,90,2022-09-12,3
3822,939,2,2021-10-31,2
3823,273,80,2021-05-12,2
3824,848,95,2022-02-25,2
3825,442,70,2022-01-20,3
3826,503,85,2021-07-17,4
3827,130,90,2021-02-16,1
3828,132,59,2021-07-22,3
3829,597,19,2021-09-18,2
3830,935,28,2022-11-21,2
3831,482,72,2021-01-24,1
3832,862,14,2022-11-18,3
3833,390,24,2021-12-06,2
3834,593,44,2022-02-16,3
3835,999,56,2021-09-18,4
3836,985,90,2021-10-13,3
3837,325,95,2022-05-28,4
3838,69,51,2021-03-27,1
3839,660,32,2022-03-06,4
3840,448,50,2022-08-04,4
3841,528,41,2021-01-31,1
3842,819,66,2022-12-11,2
3843,617,25,2022-08-26,1
3844,165,61,2022-03-16,3
3845,488,66,2021-12-15,1
3846,713,42,2022-02-16,3
3847,709,65,2022-06-12,2
3848,426,36,2021-11-06,3
3849,697,76,2022-01-31,1
3850,834,9,2021-12-04,1
3851,265,36,2022-11-05,2
3852,875,92,2022-03-13,1
3853,612,38,2022-12-05,2
3854,342,33,2022-10-25,2
3855,832,42,2021-12-31,1
3856,726,61,2021-04-23,4
3857,278,46,2021-06-25,3
3858,674,86,2021-05-29,4
3859,439,89,2021-06-27,2
3860,157,61,2022-01-17,3
3861,422,18,2021-08-11,4
3862,251,70,2021-09-16,1
3863,878,82,2021-07-08,4
3864,609,80,2021-11-02,3
3865,530,15,2022-01-13,3
3866,327,48,2022-08-25,3
3867,961,72,2021-12-09,3
3868,895,13,2021-06-05,4
3869,97,43,2022-12-13,1
3870,513,60,2021-02-24,1
3871,216,57,2022-03-18,3
3872,132,71,2022-11-16,1
3873,260,17,2021-07-19,4
3874,125,50,2022-02-07,1
3875,82,32,2022-09-06,2
3876,283,22,2022-10-25,1
3877,683,55,2022-09-15,3
3878,59,57,2022-08-26,1
3879,544,13,2021-06-26,1
3880,161,47,2022-03-25,1
3881,284,87,2022-06-25,1
3882,106,62,2021-10-28,2
3883,105,54,2022-12-08,4
3884,439,29,2021-11-03,3
3885,228,22,2021-09-24,3
3886,700,65,2021-08-02,1
3887,582,29,2022-08-17,4
3888,318,48,2022-10-02,1
3889,464,5,2022-04-28,2
3890,802,35,2021-09-19,4
3891,599,74,2021-03-08,4
3892,882,83,2022-07-28,4
3893,874,71,2021-05-13,4
3894,472,46,2022-10-11,1
3895,56,35,2022-06-24,2
3896,625,45,2022-05-27,4
3897,13,13,2021-07-30,3
3898,440,10,2022-12-18,3
3899,18,66,2021-09-10,2
3900,694,70,2021-02-07,3
3901,973,72,2021-02-12,1
3902,113,100,2022-09-21,1
3903,229,25,2022-02-09,2
3904,171,44,2022-12-03,4
3905,295,60,2021-02-15,3
3906,189,47,2022-03-30,3
3907,426,40,2022-11-09,2
3908,977,7,2021-11-01,2
3909,79,46,2022-12-16,3
3910,658,23,2021-08-21,4
3911,919,83,2021-09-02,2
3912,182,46,2022-12-22,1
3913,499,86,2021-10-22,3
3914,798,13,2022-01-18,2
3915,762,21,2021-06-07,2
3916,866,1,2022-02-09,2
3917,826,19,2021-01-01,3
3918,708,60,2021-08-05,1
3919,835,33,2022-05-22,1
3920,71,4,2022-08-04,3
3921,248,3,2021-01-30,2
3922,146,91,2022-09-19,3
3923,618,52,2022-06-04,3
3924,775,99,2021-10-02,2
3925,296,28,2022-05-07,3
3926,582,70,2021-02-05,4
3927,470,70,2021-11-07,1
3928,506,55,2021-02-13,4
3929,193,57,2021-06-04,4
3930,68,87,2021-03-18,4
3931,494,97,2022-08-13,3
3932,817,16,2022-09-05,2
3933,52,24,2022-03-14,3
3934,882,69,2022-03-08,1
3935,363,41,2022-06-26,3
3936,797,77,2021-02-08,3
3937,917,47,2021-08-27,3
3938,474,76,2021-01-13,3
3939,846,69,2021-05-02,4
3940,521,31,2021-05-24,2
3941,763,92,2022-11-15,1
3942,431,92,2022-03-31,1
3943,844,30,2022-01-03,1
3944,298,18,2021-09-04,3
3945,435,44,2021-02-14,1
3946,696,27,2022-01-10,4
3947,691,99,2021-10-18,2
3948,198,26,2021-07-26,3
3949,128,60,2022-06-03,3
3950,532,18,2021-08-30,4
3951,984,97,2022-09-14,1
3952,411,89,2021-04-24,3
3953,934,56,2021-10-29,3
3954,840,31,2021-10-03,4
3955,65,59,2021-04-06,4
3956,694,2,2021-10-21,1
3957,241,97,2022-12-02,2
3958,369,39,2021-12-26,2
3959,536,61,2021-10-15,1
3960,384,63,2021-06-03,2
3961,431,96,2022-07-24,4
3962,967,18,2022-02-27,4
3963,83,17,2021-02-19,4
3964,982,98,2021-07-26,2
3965,831,39,2022-07-18,2
3966,697,71,2022-10-24,3
3967,951,54,2022-07-19,3
3968,828,99,2021-08-01,3
3969,611,94,2021-03-07,2
3970,574,76,2021-08-20,3
3971,286,35,2022-10-25,4
3972,989,11,2022-12-18,2
3973,534,61,2021-11-16,1
3974,459,44,2021-05-17,2
3975,212,68,2022-10-09,3
3976,126,25,2022-07-20,2
3977,413,48,2021-03-06,3
3978,499,32,2022-05-29,3
3979,425,84,2021-05-12,1
3980,554,95,2021-11-30,1
3981,610,4,2021-02-01,4
3982,961,38,2022-05-13,3
3983,543,63,2021-08-31,2
3984,158,47,2021-07-11,1
3985,112,1,2021-05-22,1
3986,402,3,2022-10-22,3
3987,759,86,2022-08-24,2
3988,122,62,2022-07-15,1
3989,273,64,2022-10-10,1
3990,294,17,2021-07-10,2
3991,398,78,2021-05-29,1
3992,471,62,2022-08-22,2
3993,985,35,2022-02-20,3
3994,207,13,2022-06-04,1
3995,110,35,2021-01-16,3
3996,440,43,2021-04-16,2
3997,278,2,2021-10-10,3
3998,963,56,2021-04-14,3
3999,568,77,2021-12-27,3
4000,887,51,2022-10-20,4
4001,915,54,2021-02-04,2
4002,569,16,2021-04-23,2
4003,940,18,2021-11-04,2
4004,482,7,2021-02-22,2
4005,803,45,2021-03-22,2
4006,114,36,2022-09-08,1
4007,893,41,2022-01-04,1
4008,897,94,2021-08-30,1
4009,820,42,2021-01-31,3
4010,853,7,2022-12-05,3
4011,477,15,2021-12-27,2
4012,710,60,2021-08-21,4
4013,933,40,2022-09-02,2
4014,321,83,2021-02-03,1
4015,179,37,2021-08-31,2
4016,897,66,2021-02-28,3
4017,219,55,2022-06-13,2
4018,789,77,2021-03-19,1
4019,949,95,2022-12-19,2
4020,528,80,2021-10-29,3
4021,492,56,2022-11-09,4
4022,891,44,2021-04-22,1
4023,61,57,2022-02-17,2
4024,54,6,2021-11-13,3
4025,680,92,2021-05-25,1
4026,538,32,2022-10-30,1
4027,848,74,2022-11-21,3
4028,988,18,2022-10-10,2
4029,65,68,2021-01-18,2
4030,612,73,2021-12-17,2
4031,586,7,2021-06-04,1
4032,704,8,2022-05-21,4
4033,171,64,2021-12-26,1
4034,273,7,2021-11-28,2
4035,889,41,2022-06-12,1
4036,699,40,2021-01-12,4
4037,535,3,2021-03-16,1
4038,391,17,2021-07-31,3
4039,940,66,2022-11-22,2
4040,693,79,2022-10-03,2
4041,327,93,2021-10-10,2
4042,108,52,2021-07-14,1
4043,847,22,2021-01-30,1
4044,162,4,2021-01-09,1
4045,814,6,2021-11-05,2
4046,452,38,2022-03-21,1
4047,206,26,2021-11-06,2
4048,590,11,2022-11-08,1
4049,16,90,2022-12-06,2
4050,327,17,2022-03-02,3
4051,608,88,2022-12-05,1
4052,659,92,2022-08-14,2
4053,2,99,2022-11-22,3
4054,10,31,2021-04-01,3
4055,434,77,2022-04-01,4
4056,125,35,2022-03-20,1
4057,81,16,2022-12-28,2
4058,485,79,2021-03-20,4
4059,652,18,2022-04-20,1
4060,838,62,2021-04-13,3
4061,150,27,2022-09-15,1
4062,800,35,2022-04-01,2
4063,873,45,2021-11-10,3
4064,340,35,2021-09-04,4
4065,129,28,2021-08-22,1
4066,438,9,2022-08-17,1
4067,751,76,2022-10-06,4
4068,501,15,2021-08-23,1
4069,58,21,2022-01-22,1
4070,198,52,2022-09-03,1
4071,211,35,2021-02-07,3
4072,914,97,2021-06-10,3
4073,902,51,2022-04-07,2
4074,45,83,2022-03-25,1
4075,97,55,2021-04-27,2
4076,279,87,2021-08-29,3
4077,535,77,2021-01-26,1
4078,410,44,2022-10-10,2
4079,461,65,2022-07-16,1
4080,391,93,2021-10-25,1
4081,847,88,2021-06-03,4
4082,44,80,2022-10-14,2
4083,27,25,2022-04-13,3
4084,794,87,2021-02-18,2
4085,97,92,2022-10-16,2
4086,975,47,2021-02-15,2
4087,548,80,2022-11-06,4
4088,621,56,2021-10-12,1
4089,567,38,2022-09-20,3
4090,704,11,2021-03-23,4
4091,219,67,2021-02-13,3
4092,185,15,2022-12-07,4
4093,69,1,2021-09-30,1
4094,829,7,2022-01-29,3
4095,130,1,2022-08-18,2
4096,567,49,2021-02-27,4
4097,890,96,2022-07-19,3
4098,609,73,2021-01-01,1
4099,848,29,2021-08-04,3
4100,599,26,2021-11-13,4
4101,806,87,2021-08-16,1
4102,631,45,2022-04-18,2
4103,720,93,2022-04-29,4
4104,334,97,2022-11-02,4
4105,925,71,2021-10-14,1
4106,154,12,2022-05-26,4
4107,547,95,2022-08-01,3
4108,79,32,2022-04-03,2
4109,579,20,2021-04-05,3
4110,855,51,2022-05-08,1
4111,413,81,2021-05-30,4
4112,546,36,2021-01-23,2
4113,609,67,2021-08-03,1
4114,169,1,2022-02-03,3
4115,681,27,2022-02-14,4
4116,663,40,2021-05-11,4
4117,583,97,2021-05-28,1
4118,515,84,2022-01-16,3
4119,314,14,2021-04-19,4
4120,32,100,2022-07-06,3
4121,287,69,2021-05-01,2
4122,594,87,2021-10-22,4
4123,43,79,2021-04-30,2
4124,903,6,2022-04-01,4
4125,617,33,2022-06-14,1
4126,1,55,2021-06-18,4
4127,573,19,2022-12-11,4
4128,270,77,2021-05-23,3
4129,180,29,2021-02-06,3
4130,736,61,2022-11-29,2
4131,518,70,2021-09-18,2
4132,103,79,2021-08-19,2
4133,10,80,2021-09-11,4
4134,583,24,2021-11-25,4
4135,90,23,2021-10-24,2
4136,226,10,2021-01-10,1
4137,670,54,2022-03-22,1
4138,740,41,2021-08-18,4
4139,917,49,2022-06-20,1
4140,126,17,2021-03-19,1
4141,956,56,2022-03-01,2
4142,209,45,2021-07-12,1
4143,97,30,2022-02-05,1
4144,74,44,2021-04-19,4
4145,627,74,2021-09-20,4
4146,191,55,2021-11-25,4
4147,682,19,2021-12-29,1
4148,819,29,2022-01-13,2
4149,960,2,2021-12-07,3
4150,716,36,2021-09-16,4
4151,56,19,2021-12-01,4
4152,720,7,2021-03-26,4
4153,553,26,2022-06-06,2
4154,32,79,2022-07-25,3
4155,527,38,2021-11-04,3
4156,574,3,2021-09-19,4
4157,667,80,2022-09-23,1
4158,284,66,2022-11-11,4
4159,721,95,2022-12-02,4
4160,832,92,2022-03-28,1
4161,494,71,2021-09-08,1
4162,187,94,2021-11-20,4
4163,498,43,2021-08-17,2
4164,442,62,2022-12-03,2
4165,130,71,2022-09-28,1
4166,639,100,2022-08-19,4
4167,292,93,2021-10-24,2
4168,114,24,2022-12-28,4
4169,199,39,2021-08-25,4
4170,13,68,2022-09-17,4
4171,271,93,2021-08-05,2
4172,601,44,2021-09-03,3
4173,215,5,2022-03-24,4
4174,444,55,2021-11-15,2
4175,790,93,2022-03-08,3
4176,512,30,2022-02-08,1
4177,447,29,2021-02-06,2
4178,986,26,2022-07-30,3
4179,993,83,2021-12-08,2
4180,715,26,2022-01-24,3
4181,74,37,2021-02-03,3
4182,537,91,2021-02-08,2
4183,101,94,2022-08-02,1
4184,176,53,2021-07-28,4
4185,427,30,2021-06-01,3
4186,117,3,2021-12-31,4
4187,166,43,2021-07-18,1
4188,41,7,2022-08-24,4
4189,429,49,2021-03-20,4
4190,344,73,2022-04-22,2
4191,424,41,2022-03-10,2
4192,366,77,2021-02-01,1
4193,120,79,2021-03-28,2
4194,609,54,2022-07-05,3
4195,657,69,2022-01-28,1
4196,728,93,2022-09-05,2
4197,229,99,2021-09-01,2
4198,825,91,2021-08-20,1
4199,130,27,2022-08-03,3
4200,352,8,2021-07-11,1
4201,889,32,2022-06-24,2
4202,318,84,2021-09-27,2
4203,984,64,2021-03-18,1
4204,649,10,2021-06-16,3
4205,836,13,2021-10-11,3
4206,337,63,2022-12-05,4
4207,273,93,2021-03-30,3
4208,117,35,2022-06-28,1
4209,818,61,2022-10-11,3
4210,368,54,2021-06-05,3
4211,94,8,2021-09-07,4
4212,168,29,2021-04-05,3
4213,954,95,2021-01-17,4
4214,715,41,2021-04-27,4
4215,341,30,2021-11-29,3
4216,661,86,2022-06-06,2
4217,914,21,2021-03-21,1
4218,695,76,2022-10-08,1
4219,925,11,2022-03-08,3
4220,152,2,2021-07-22,1
4221,586,50,2021-04-26,1
4222,877,41,2021-08-08,4
4223,913,66,2021-09-10,2
4224,274,98,2021-06-18,1
4225,554,3,2021-11-12,2
4226,496,80,2022-12-18,1
4227,724,51,2022-01-07,2
4228,101,68,2022-08-06,2
4229,557,87,2021-06-05,1
4230,82,84,2022-09-06,4
4231,529,25,2021-01-13,2
4232,73,30,2022-05-23,2
4233,14,82,2022-04-10,1
4234,433,11,2021-08-08,2
4235,157,93,2021-01-15,2
4236,735,17,2021-04-27,4
4237,132,26,2021-11-27,2
4238,338,23,2021-02-25,4
4239,404,56,2021-12-17,2
4240,376,52,2021-05-12,2
4241,888,48,2021-08-14,4
4242,559,20,2021-11-04,4
4243,107,2,2022-04-20,3
4244,620,88,2021-08-10,2
4245,265,31,2021-06-22,4
4246,205,27,2021-12-06,2
4247,79,2,2022-05-21,2
4248,155,78,2021-06-06,2
4249,783,4,2021-05-31,1
4250,988,13,2022-11-28,3
4251,997,100,2021-06-27,1
4252,247,35,2022-06-17,3
4253,531,72,2021-04-22,2
4254,858,66,2022-11-14,2
4255,948,6,2021-05-18,4
4256,538,31,2021-08-21,3
4257,729,10,2021-11-28,3
4258,154,21,2022-06-26,1
4259,154,74,2021-11-03,3
4260,686,23,2021-06-10,2
4261,92,3,2022-02-06,4
4262,433,32,2022-08-13,1
4263,338,20,2021-10-05,4
4264,480,74,2021-11-16,3
4265,693,29,2022-06-17,3
4266,131,52,2022-05-12,1
4267,450,46,2021-12-29,3
4268,993,34,2022-01-07,4
4269,810,84,2022-10-17,2
4270,787,61,2021-02-05,1
4271,273,72,2021-10-30,3
4272,929,71,2022-03-14,4
4273,588,70,2022-12-27,2
4274,177,11,2021-02-01,3
4275,696,82,2021-07-05,1
4276,831,93,2021-06-23,3
4277,643,89,2022-07-20,3
4278,875,63,2022-11-04,3
4279,49,21,2021-09-07,2
4280,567,3,2021-10-06,2
4281,666,82,2022-11-14,3
4282,355,88,2022-11-26,3
4283,712,10,2021-01-02,1
4284,308,27,2021-07-13,3
4285,868,12,2021-06-15,4
4286,885,7,2021-04-20,4
4287,630,17,2022-01-15,1
4288,775,65,2022-08-06,2
4289,46,64,2022-11-07,3
4290,302,26,2021-10-12,1
4291,868,15,2022-02-25,2
4292,912,33,2021-04-23,1
4293,408,62,2021-08-16,2
4294,189,47,2022-04-16,3
4295,822,95,2022-06-12,1
4296,830,35,2022-05-11,3
4297,129,65,2021-01-31,1
4298,561,72,2021-06-11,2
4299,537,76,2022-12-06,1
4300,266,83,2022-12-23,4
4301,118,25,2022-01-13,4
4302,464,57,2022-03-22,1
4303,144,32,2022-03-03,4
4304,442,63,2022-11-27,3
4305,200,12,2022-05-19,4
4306,157,63,2022-06-11,4
4307,487,77,2022-12-22,3
4308,860,92,2022-11-15,3
4309,134,1,2022-06-16,2
4310,912,51,2022-08-05,3
4311,148,70,2022-06-04,1
4312,336,8,2021-02-03,4
4313,71,68,2022-11-22,2
4314,233,5,2022-05-05,3
4315,334,89,2022-09-12,4
4316,811,86,2022-02-27,1
4317,666,92,2022-04-13,1
4318,90,39,2021-01-24,2
4319,334,23,2021-08-04,1
4320,199,68,2021-02-24,4
4321,161,52,2021-01-26,3
4322,538,4,2021-10-08,1
4323,121,47,2021-11-23,3
4324,301,21,2021-07-05,4
4325,724,56,2022-05-10,4
4326,575,66,2021-01-12,3
4327,963,59,2022-10-03,4
4328,436,7,2022-03-10,2
4329,68,49,2021-07-27,1
4330,765,16,2021-05-13,2
4331,922,17,2021-12-05,2
4332,459,84,2021-07-15,2
4333,514,87,2021-09-19,3
4334,398,98,2021-10-09,3
4335,620,75,2022-01-04,4
4336,286,34,2021-04-13,3
4337,561,33,2022-09-24,4
4338,140,26,2021-07-02,3
4339,730,66,2022-02-27,4
4340,556,63,2021-01-09,1
4341,929,87,2022-07-11,4
4342,781,41,2021-09-01,1
4343,590,86,2022-09-16,4
4344,728,58,2022-07-21,3
4345,894,98,2022-01-28,3
4346,610,79,2022-06-11,1
4347,748,10,2021-02-06,2
4348,282,15,2021-06-27,2
4349,661,42,2022-10-01,4
4350,924,93,2022-09-21,3
4351,816,57,2021-03-13,2
4352,996,87,2021-12-18,3
4353,936,17,2022-09-15,3
4354,578,60,2021-05-29,3
4355,746,9,2022-11-28,4
4356,457,36,2021-04-15,1
4357,87,73,2022-10-21,4
4358,79,80,2021-08-09,2
4359,205,36,2022-01-09,1
4360,791,48,2022-06-02,2
4361,337,51,2021-09-17,1
4362,254,97,2021-10-26,1
4363,304,95,2021-02-11,4
4364,380,70,2022-05-07,3
4365,130,74,2022-03-15,3
4366,596,80,2021-02-16,1
4367,276,68,2021-03-26,4
4368,699,22,2022-11-17,2
4369,558,77,2021-02-27,2
4370,899,80,2022-12-12,3
4371,183,93,2021-07-28,3
4372,268,6,2021-09-05,2
4373,808,26,2021-07-30,2
4374,322,75,2021-02-08,4
4375,512,88,2021-09-09,2
4376,612,93,2022-10-05,4
4377,78,3,2022-02-17,3
4378,784,52,2022-03-22,2
4379,339,74,2021-02-21,3
4380,674,60,2022-01-09,1
4381,556,63,2022-06-10,1
4382,509,65,2021-06-05,1
4383,238,52,2022-06-26,2
4384,134,90,2021-03-31,3
4385,973,76,2022-11-10,2
4386,192,14,2021-12-17,3
4387,356,89,2021-03-10,4
4388,278,72,2021-06-12,2
4389,18,68,2021-08-30,1
4390,524,28,2022-05-10,4
4391,180,71,2022-01-18,3
4392,123,10,2021-02-21,2
4393,246,57,2022-10-16,3
4394,734,100,2021-03-04,3
4395,373,66,2022-05-24,2
4396,51,90,2021-10-19,2
4397,1000,50,2021-04-01,3
4398,71,14,2022-10-26,3
4399,480,16,2022-02-28,4
4400,560,54,2022-10-31,1
4401,19,43,2021-12-31,3
4402,774,42,2021-05-30,1
4403,84,81,2021-09-28,4
4404,155,22,2022-08-04,1
4405,565,68,2021-04-26,1
4406,619,19,2022-12-05,4
4407,357,66,2022-05-31,3
4408,816,39,2022-08-10,1
4409,647,73,2021-08-29,3
4410,443,19,2021-01-30,3
4411,69,16,2021-05-23,2
4412,523,54,2021-11-22,3
4413,143,25,2022-11-26,3
4414,192,18,2021-01-16,1
4415,387,23,2021-04-21,3
4416,378,85,2022-12-14,3
4417,581,11,2021-04-17,2
4418,535,39,2022-01-14,2
4419,693,68,2021-06-11,1
4420,293,25,2021-10-10,1
4421,9,63,2021-09-26,2
4422,271,96,2022-04-29,2
4423,387,30,2022-10-29,4
4424,93,45,2021-03-14,3
4425,966,90,2021-07-16,1
4426,529,61,2021-08-31,1
4427,154,100,2022-08-21,3
4428,405,51,2021-09-16,3
4429,840,98,2021-05-29,1
4430,149,9,2022-01-25,2
4431,889,76,2022-02-20,2
4432,267,2,2022-03-02,3
4433,422,5,2022-12-03,1
4434,840,62,2021-08-05,3
4435,618,69,2021-03-27,2
4436,472,52,2021-08-04,4
4437,893,86,2022-02-27,4
4438,547,5,2021-11-16,2
4439,631,59,2021-04-28,3
4440,526,68,2022-02-19,4
4441,503,9,2022-08-22,2
4442,14,93,2021-02-09,1
4443,778,22,2021-06-10,3
4444,652,27,2022-12-04,3
4445,806,10,2022-06-21,4
4446,364,80,2022-02-24,3
4447,119,61,2022-10-26,4
4448,238,51,2021-04-05,4
4449,546,10,2022-03-18,2
4450,169,6,2022-07-12,4
4451,522,62,2022-10-12,1
4452,634,5,2022-04-11,3
4453,913,70,2021-10-15,4
4454,657,63,2022-11-07,3
4455,963,56,2022-02-16,4
4456,958,59,2022-02-04,2
4457,735,63,2022-06-12,1
4458,883,89,2021-01-18,3
4459,769,59,2021-05-16,2
4460,780,51,2022-04-09,3
4461,871,50,2021-09-05,2
4462,516,4,2022-12-11,1
4463,938,48,2021-01-01,4
4464,397,32,2022-12-03,2
4465,866,51,2022-01-16,3
4466,106,52,2022-05-24,3
4467,85,99,2022-04-05,2
4468,214,74,2022-05-20,1
4469,121,34,2022-04-21,1
4470,132,36,2022-07-11,4
4471,850,70,2021-02-01,4
4472,197,43,2021-04-28,3
4473,19,16,2021-07-03,3
4474,642,59,2021-07-10,4
4475,12,53,2022-12-29,4
4476,81,19,2021-03-15,4
4477,330,98,2022-09-15,2
4478,866,89,2021-04-13,4
4479,774,95,2022-08-09,2
4480,392,41,2022-02-24,2
4481,637,81,2022-04-18,4
4482,307,47,2021-04-24,1
4483,267,94,2022-01-14,1
4484,447,54,2021-11-09,3
4485,441,55,2021-11-26,4
4486,895,95,2021-12-05,3
4487,652,19,2021-08-26,4
4488,841,62,2021-06-22,3
4489,2,99,2021-03-20,2
4490,520,93,2022-04-09,4
4491,762,59,2022-08-28,1
4492,651,65,2022-05-16,4
4493,636,68,2022-07-16,3
4494,309,28,2021-10-12,3
4495,740,18,2021-08-11,3
4496,522,26,2022-08-16,3
4497,469,19,2021-09-23,3
4498,212,55,2022-10-29,3
4499,112,57,2022-01-08,1
4500,8,6,2021-08-21,3
4501,804,1,2021-08-24,1
4502,477,8,2022-11-02,4
4503,874,97,2021-11-10,2
4504,460,51,2022-01-15,1
4505,253,85,2022-09-06,4
4506,526,88,2022-07-17,2
4507,752,25,2022-02-24,1
4508,438,47,2021-02-21,1
4509,754,55,2022-12-22,4
4510,981,64,2022-10-05,3
4511,854,83,2022-05-24,1
4512,661,93,2021-07-24,1
4513,236,10,2021-09-14,4
4514,306,56,2021-07-04,3
4515,478,12,2021-05-25,2
4516,679,33,2022-11-21,3
4517,20,71,2021-01-14,3
4518,216,17,2021-09-03,4
4519,855,61,2021-07-06,3
4520,135,10,2021-12-03,4
4521,905,31,2021-09-16,2
4522,129,60,2021-02-09,1
4523,410,70,2022-08-24,1
4524,422,17,2022-09-29,4
4525,294,50,2022-02-22,4
4526,246,37,2021-12-17,3
4527,701,82,2021-01-09,3
4528,556,62,2021-12-16,1
4529,86,90,2021-03-25,1
4530,556,80,2022-06-17,1
4531,842,72,2021-12-24,4
4532,375,88,2022-01-13,2
4533,446,77,2021-06-21,2
4534,378,29,2021-01-25,4
4535,390,32,2022-01-28,3
4536,657,88,2021-04-13,2
4537,51,80,2022-12-03,3
4538,242,11,2021-08-24,1
4539,294,96,2022-02-14,1
4540,920,6,2022-07-03,3
4541,563,35,2021-11-28,1
4542,266,33,2022-10-26,4
4543,120,18,2022-06-16,3
4544,712,37,2022-10-11,3
4545,917,13,2021-01-29,3
4546,248,74,2022-06-27,2
4547,70,90,2021-01-19,3
4548,853,81,2021-05-28,3
4549,57,64,2022-04-16,3
4550,382,1,2022-05-06,2
4551,39,63,2021-10-10,1
4552,984,89,2022-11-06,2
4553,801,34,2021-04-23,4
4554,443,10,2022-03-31,3
4555,18,84,2022-10-24,4
4556,952,7,2021-11-26,2
4557,732,56,2021-09-12,1
4558,825,80,2022-08-22,1
4559,756,37,2022-02-03,3
4560,352,29,2022-09-02,1
4561,972,12,2022-05-23,2
4562,816,17,2022-10-06,2
4563,298,48,2022-04-11,1
4564,283,84,2022-02-11,3
4565,586,26,2022-09-01,3
4566,110,83,2021-04-08,2
4567,180,12,2021-10-17,1
4568,938,21,2022-10-19,2
4569,544,42,2021-06-05,2
4570,746,61,2021-06-11,4
4571,794,58,2022-09-16,2
4572,25,54,2022-11-28,3
4573,843,34,2022-12-18,1
4574,791,7,2021-04-07,1
4575,738,35,2022-01-12,4
4576,57,15,2022-07-21,4
4577,180,65,2022-03-26,3
4578,232,90,2021-04-27,4
4579,894,99,2022-08-28,2
4580,343,25,2022-12-17,2
4581,477,59,2022-05-21,3
4582,799,79,2021-07-08,1
4583,576,86,2022-04-21,3
4584,455,6,2021-11-19,4
4585,232,52,2022-08-19,1
4586,289,79,2021-06-29,1
4587,213,88,2021-06-30,1
4588,258,21,2022-11-24,4
4589,530,71,2021-10-14,2
4590,687,93,2022-04-20,2
4591,929,96,2022-09-10,4
4592,229,32,2022-10-03,4
4593,226,53,2021-09-19,3
4594,596,59,2022-06-07,3
4595,803,69,2021-06-11,2
4596,435,62,2022-05-02,4
4597,882,4,2021-06-30,3
4598,758,86,2022-12-26,4
4599,402,18,2022-04-14,4
4600,622,99,2021-01-21,2
4601,766,81,2021-10-02,2
4602,88,56,2021-09-17,4
4603,584,24,2021-11-29,1
4604,893,66,2022-04-11,1
4605,542,13,2021-04-26,4
4606,684,62,2022-02-17,2
4607,309,54,2022-06-21,1
4608,906,15,2022-12-24,2
4609,343,69,2021-09-14,1
4610,436,3,2021-06-17,4
4611,177,37,2022-06-17,3
4612,139,37,2022-08-21,3
4613,194,3,2021-01-15,2
4614,186,63,2021-02-19,2
4615,218,35,2021-10-31,1
4616,164,52,2022-05-02,4
4617,161,87,2022-02-20,1
4618,943,28,2021-11-01,4
4619,525,94,2021-07-15,4
4620,808,18,2022-01-23,2
4621,601,36,2022-03-31,3
4622,836,33,2022-12-14,3
4623,42,64,2022-12-06,2
4624,915,26,2022-10-20,3
4625,210,48,2021-11-06,2
4626,741,40,2021-05-07,1
4627,862,17,2021-06-24,4
4628,275,40,2021-05-14,3
4629,954,7,2021-03-07,3
4630,279,57,2022-01-28,1
4631,251,8,2021-12-31,1
4632,310,56,2021-10-06,3
4633,720,31,2021-12-29,3
4634,833,59,2021-06-20,2
4635,140,58,2021-02-20,2
4636,792,12,2021-11-24,3
4637,546,48,2022-10-27,2
4638,821,31,2022-08-15,1
4639,904,83,2021-05-25,4
4640,530,63,2021-10-01,2
4641,57,74,2021-06-04,4
4642,112,39,2022-05-23,2
4643,5,76,2021-12-29,3
4644,410,20,2021-11-21,2
4645,414,48,2022-10-17,4
4646,182,71,2021-10-25,4
4647,13,54,2022-05-09,3
4648,339,78,2022-06-30,4
4649,797,75,2021-10-31,3
4650,259,71,2022-04-12,3
4651,90,29,2021-08-27,4
4652,616,74,2022-10-12,1
4653,891,93,2022-06-01,4
4654,698,73,2021-06-25,4
4655,250,100,2022-02-14,2
4656,255,48,2022-12-27,4
4657,588,74,2021-12-30,2
4658,898,83,2021-01-23,2
4659,971,56,2021-11-14,4
4660,108,95,2022-06-09,3
4661,668,17,2021-10-03,1
4662,594,9,2022-08-27,4
4663,589,97,2022-09-12,4
4664,485,34,2021-08-17,3
4665,982,45,2022-10-26,2
4666,972,88,2021-04-18,3
4667,258,9,2021-06-25,3
4668,639,7,2021-11-16,2
4669,997,16,2021-10-13,4
4670,903,19,2021-11-25,3
4671,282,6,2022-10-19,3
4672,986,11,2021-12-22,4
4673,88,76,2021-01-14,4
4674,204,61,2021-10-02,1
4675,16,42,2021-03-12,3
4676,151,13,2021-07-14,1
4677,936,12,2022-06-07,2
4678,254,85,2021-04-16,4
4679,188,74,2021-07-15,4
4680,329,20,2021-05-25,1
4681,544,50,2021-12-16,3
4682,783,36,2022-02-28,2
4683,997,92,2022-04-16,3
4684,397,88,2022-11-17,3
4685,517,69,2021-08-04,1
4686,459,37,2021-04-03,3
4687,330,12,2021-09-17,1
4688,820,99,2022-07-29,4
4689,845,40,2022-06-25,4
4690,169,54,2021-10-12,4
4691,693,2,2022-04-29,2
4692,366,50,2022-01-07,2
4693,178,41,2021-03-11,3
4694,655,45,2022-01-14,1
4695,362,9,2021-10-06,3
4696,760,62,2021-10-29,4
4697,639,86,2021-09-12,3
4698,775,47,2022-11-15,3
4699,40,5,2022-11-23,3
4700,924,76,2021-09-21,4
4701,416,1,2022-11-26,1
4702,355,44,2022-12-18,3
4703,255,22,2022-02-28,4
4704,143,38,2021-08-01,2
4705,752,19,2022-11-02,1
4706,740,80,2021-04-10,4
4707,853,31,2021-04-22,3
4708,710,67,2021-11-04,4
4709,577,87,2022-11-09,1
4710,900,42,2022-04-20,3
4711,11,82,2022-07-02,2
4712,620,26,2021-04-22,2
4713,26,13,2021-03-28,2
4714,957,58,2021-07-02,4
4715,421,18,2022-08-20,1
4716,663,67,2021-06-14,2
4717,221,87,2021-03-31,3
4718,853,3,2022-03-31,3
4719,496,55,2021-08-26,3
4720,237,89,2022-06-18,4
4721,237,91,2022-11-10,1
4722,219,58,2022-12-28,1
4723,487,63,2021-02-27,2
4724,936,91,2022-06-26,1
4725,461,52,2022-09-10,3
4726,663,89,2022-02-06,3
4727,635,24,2022-11-10,4
4728,144,72,2022-10-28,3
4729,990,9,2022-06-03,1
4730,189,37,2021-07-16,3
4731,255,94,2021-02-15,2
4732,68,83,2022-06-14,4
4733,616,53,2022-02-01,4
4734,336,80,2022-10-27,1
4735,671,24,2021-03-15,3
4736,821,21,2022-02-20,3
4737,874,100,2022-10-19,1
4738,409,40,2022-09-06,1
4739,300,62,2021-12-01,2
4740,908,70,2022-09-25,1
4741,602,69,2022-11-19,3
4742,357,14,2022-07-29,2
4743,256,42,2021-10-23,4
4744,353,50,2021-03-25,3
4745,732,61,2021-01-15,4
4746,521,4,2021-05-14,4
4747,524,72,2022-04-23,4
4748,837,88,2022-09-25,3
4749,950,75,2021-11-15,4
4750,756,17,2022-01-27,3
4751,694,85,2022-04-24,4
4752,284,57,2022-10-02,1
4753,312,90,2022-01-03,1
4754,99,48,2022-01-02,3
4755,197,44,2021-10-15,4
4756,482,45,2022-01-13,4
4757,878,91,2022-11-23,4
4758,226,80,2022-04-08,1
4759,845,90,2022-08-17,4
4760,615,33,2021-01-13,4
4761,618,31,2022-06-20,3
4762,365,47,2021-06-17,4
4763,368,6,2021-09-27,1
4764,570,72,2021-03-11,4
4765,590,71,2021-11-14,1
4766,75,34,2022-01-11,1
4767,42,53,2021-03-30,2
4768,422,14,2022-12-02,1
4769,836,16,2021-09-14,2
4770,181,43,2021-08-05,2
4771,545,73,2022-03-26,4
4772,71,74,2022-06-28,2
4773,568,81,2021-05-21,3
4774,105,12,2021-06-10,1
4775,200,70,2021-02-01,3
4776,101,19,2021-06-01,2
4777,768,41,2021-09-17,4
4778,307,53,2022-12-29,1
4779,586,29,2021-10-06,3
4780,683,70,2021-10-12,4
4781,377,59,2022-09-02,2
4782,655,89,2022-06-26,4
4783,678,64,2022-08-25,3
4784,399,24,2021-05-28,4
4785,773,89,2022-10-18,3
4786,221,16,2021-03-08,4
4787,595,52,2022-07-24,1
4788,182,80,2021-10-06,4
4789,307,6,2022-03-19,1
4790,522,37,2022-02-03,3
4791,396,85,2021-05-08,1
4792,4,4,2021-12-03,4
4793,863,98,2022-04-27,1
4794,914,92,2022-12-22,3
4795,848,38,2021-07-05,4
4796,1000,41,2021-06-18,1
4797,804,92,2022-11-15,1
4798,281,81,2021-09-17,2
4799,215,14,2022-12-18,1
4800,972,71,2022-10-09,2
4801,610,86,2022-07-12,3
4802,420,51,2022-05-22,2
4803,101,65,2022-06-05,3
4804,963,93,2022-04-16,1
4805,521,52,2021-06-10,1
4806,573,95,2021-10-16,2
4807,309,30,2021-12-06,3
4808,658,57,2022-05-17,1
4809,939,79,2021-04-16,2
4810,931,82,2022-04-20,2
4811,510,99,2022-08-23,2
4812,63,30,2022-04-08,1
4813,633,98,2022-04-28,3
4814,226,42,2022-12-05,1
4815,105,11,2021-06-02,4
4816,974,27,2022-10-11,4
4817,772,24,2021-05-29,1
4818,861,99,2021-07-07,3
4819,425,39,2022-10-15,2
4820,255,72,2021-05-11,4
4821,429,18,2022-03-28,4
4822,434,77,2022-05-31,1
4823,207,45,2022-05-06,4
4824,28,88,2022-04-21,4
4825,682,87,2021-09-20,2
4826,336,12,2022-06-22,2
4827,588,49,2022-04-04,3
4828,628,94,2022-06-20,4
4829,69,31,2022-09-29,3
4830,866,92,2022-11-15,3
4831,746,22,2021-10-22,2
4832,513,44,2022-03-11,2
4833,167,92,2021-10-02,1
4834,864,64,2022-08-11,2
4835,730,77,2021-11-04,3
4836,785,25,2022-12-27,4
4837,368,51,2022-01-11,3
4838,251,7,2021-06-07,3
4839,859,6,2021-07-23,3
4840,856,24,2022-10-23,2
4841,931,19,2021-03-16,3
4842,686,83,2022-01-15,1
4843,170,100,2021-10-31,4
4844,758,9,2021-03-03,2
4845,935,36,2022-07-24,3
4846,90,40,2021-04-18,1
4847,561,93,2021-07-06,4
4848,446,24,2021-08-17,3
4849,294,48,2021-02-17,4
4850,919,63,2021-09-25,2
4851,150,69,2022-12-28,2
4852,132,53,2021-09-11,1
4853,433,54,2021-03-28,2
4854,59,42,2021-06-30,1
4855,969,45,2021-01-25,3
4856,836,90,2022-01-23,4
4857,199,14,2021-08-10,2
4858,215,29,2022-02-01,4
4859,898,6,2022-05-26,4
4860,561,7,2022-07-15,3
4861,472,37,2022-03-16,3
4862,744,53,2021-06-24,2
4863,247,18,2021-11-07,3
4864,382,87,2021-10-01,4
4865,991,38,2021-02-04,1
4866,239,59,2021-08-05,1
4867,927,1,2022-12-22,1
4868,367,68,2022-11-03,2
4869,168,44,2022-02-12,3
4870,560,47,2022-06-03,3
4871,51,35,2021-09-26,3
4872,811,87,2022-09-30,3
4873,610,91,2022-04-20,4
4874,951,60,2021-11-21,1
4875,728,90,2021-12-22,4
4876,689,52,2021-03-31,2
4877,380,8,2021-02-11,1
4878,474,80,2021-12-31,1
4879,80,41,2022-11-02,4
4880,697,3,2021-07-21,2
4881,367,96,2022-01-01,2
4882,461,69,2021-10-15,1
4883,911,84,2022-08-26,3
4884,539,14,2022-04-26,2
4885,452,96,2022-09-29,4
4886,464,26,2022-05-16,2
4887,960,70,2022-09-30,1
4888,478,58,2021-02-21,3
4889,926,100,2021-04-13,2
4890,420,40,2021-12-27,1
4891,707,51,2022-02-28,2
4892,214,5,2022-11-30,3
4893,369,77,2021-07-24,4
4894,854,32,2021-01-14,1
4895,114,80,2022-09-08,1
4896,754,1,2022-09-21,3
4897,503,77,2022-04-15,1
4898,636,54,2022-04-11,3
4899,817,11,2021-10-31,1
4900,588,53,2022-08-28,3
4901,311,8,2022-03-03,2
4902,469,25,2022-10-18,2
4903,824,40,2021-04-20,2
4904,708,32,2022-11-06,1
4905,863,88,2022-07-19,3
4906,44,28,2022-05-30,3
4907,415,78,2021-03-09,4
4908,698,3,2021-09-03,2
4909,855,100,2022-01-24,4
4910,246,91,2022-10-12,2
4911,949,84,2021-11-04,4
4912,84,79,2021-12-18,2
4913,207,62,2021-03-07,3
4914,151,27,2022-04-05,2
4915,668,45,2021-12-13,1
4916,528,92,2021-11-21,2
4917,165,25,2022-10-29,2
4918,917,61,2022-08-22,3
4919,975,44,2021-02-02,1
4920,145,97,2021-03-09,3
4921,37,46,2021-07-06,4
4922,333,14,2021-07-11,4
4923,403,8,2021-08-01,1
4924,414,48,2022-08-23,4
4925,45,14,2022-03-04,1
4926,402,65,2021-12-17,2
4927,206,80,2021-04-18,4
4928,62,82,2021-08-28,2
4929,420,7,2021-08-04,3
4930,868,79,2021-06-26,4
4931,468,88,2022-07-19,3
4932,820,49,2021-11-26,3
4933,19,55,2022-07-15,1
4934,365,13,2022-09-18,3
4935,300,73,2022-03-26,1
4936,7,56,2022-08-30,1
4937,761,56,2022-03-23,1
4938,428,15,2022-06-21,1
4939,117,57,2022-10-06,1
4940,580,58,2021-06-28,2
4941,507,35,2022-01-30,1
4942,546,88,2021-05-25,4
4943,706,97,2021-07-17,1
4944,325,16,2021-03-25,2
4945,55,8,2022-10-31,4
4946,778,93,2021-03-26,4
4947,992,87,2022-04-02,2
4948,42,45,2022-04-21,4
4949,297,95,2021-09-10,2
4950,973,40,2021-03-13,3
4951,231,54,2021-08-11,3
4952,453,14,2021-10-03,1
4953,890,59,2021-09-03,1
4954,394,94,2021-12-07,1
4955,522,53,2022-07-27,1
4956,358,27,2022-04-16,2
4957,987,47,2022-03-30,3
4958,444,80,2021-01-07,2
4959,128,6,2021-07-07,4
4960,691,55,2021-01-04,4
4961,405,97,2022-10-07,4
4962,392,44,2021-05-05,4
4963,193,18,2021-01-15,4
4964,604,16,2022-06-09,3
4965,881,12,2022-09-22,2
4966,743,20,2021-08-28,4
4967,78,45,2021-12-26,1
4968,85,64,2022-06-02,3
4969,30,59,2021-11-16,1
4970,725,93,2021-08-19,3
4971,49,94,2021-01-30,3
4972,777,90,2022-06-18,1
4973,145,22,2021-06-05,1
4974,69,97,2022-09-22,4
4975,58,47,2022-12-06,1
4976,697,29,2022-02-03,2
4977,574,86,2021-12-12,3
4978,479,45,2021-07-14,3
4979,820,77,2021-06-17,4
4980,445,9,2022-01-12,3
4981,296,24,2022-05-04,1
4982,678,15,2021-12-28,3
4983,171,36,2022-04-27,3
4984,575,13,2021-09-01,1
4985,147,91,2022-08-04,1
4986,484,44,2022-08-30,3
4987,306,71,2022-08-12,2
4988,673,72,2021-06-20,1
4989,653,78,2022-05-28,2
4990,846,76,2022-02-10,2
4991,609,36,2022-07-28,4
4992,446,61,2021-07-26,2
4993,221,81,2021-06-03,4
4994,555,40,2021-02-17,2
4995,945,93,2022-10-11,4
4996,804,27,2021-01-01,1
4997,378,1,2022-02-11,3
4998,620,34,2021-04-17,3
4999,266,68,2021-06-22,4
5000,95,88,2022-05-21,1
